Time_stamp,X,Y,Z
1603462689.0,21,26,52
1603462689.03125,22,26,52
1603462689.0625,21,26,52
1603462689.09375,21,26,52
1603462689.125,21,26,52
1603462689.15625,21,26,52
1603462689.1875,21,26,52
1603462689.21875,21,26,52
1603462689.25,21,26,52
1603462689.28125,21,26,53
1603462689.3125,21,26,52
1603462689.34375,21,26,52
1603462689.375,21,26,52
1603462689.40625,21,26,52
1603462689.4375,21,26,52
1603462689.46875,21,26,52
1603462689.5,21,26,52
1603462689.53125,21,26,52
1603462689.5625,21,26,52
1603462689.59375,21,26,52
1603462689.625,21,26,52
1603462689.65625,21,26,52
1603462689.6875,21,26,52
1603462689.71875,21,26,52
1603462689.75,21,26,52
1603462689.78125,21,26,52
1603462689.8125,21,26,52
1603462689.84375,21,26,52
1603462689.875,21,26,52
1603462689.90625,21,26,52
1603462689.9375,21,26,52
1603462689.96875,21,26,52
1603462690.0,21,26,52
1603462690.03125,21,26,53
1603462690.0625,21,26,52
1603462690.09375,21,26,52
1603462690.125,21,26,52
1603462690.15625,21,26,52
1603462690.1875,21,26,52
1603462690.21875,21,26,52
1603462690.25,21,26,52
1603462690.28125,22,26,52
1603462690.3125,21,26,52
1603462690.34375,21,26,52
1603462690.375,21,26,52
1603462690.40625,21,26,52
1603462690.4375,21,26,52
1603462690.46875,21,26,52
1603462690.5,21,26,52
1603462690.53125,21,26,52
1603462690.5625,21,26,52
1603462690.59375,21,26,52
1603462690.625,21,26,52
1603462690.65625,21,26,52
1603462690.6875,21,26,52
1603462690.71875,21,26,52
1603462690.75,21,26,52
1603462690.78125,21,26,52
1603462690.8125,21,26,52
1603462690.84375,21,26,52
1603462690.875,22,26,52
1603462690.90625,21,26,52
1603462690.9375,21,26,52
1603462690.96875,21,26,52
1603462691.0,21,26,52
1603462691.03125,22,26,52
1603462691.0625,21,26,52
1603462691.09375,21,26,52
1603462691.125,21,26,52
1603462691.15625,22,26,52
1603462691.1875,21,26,52
1603462691.21875,21,26,52
1603462691.25,21,26,52
1603462691.28125,21,26,52
1603462691.3125,21,26,52
1603462691.34375,21,26,52
1603462691.375,21,26,52
1603462691.40625,22,26,52
1603462691.4375,21,26,52
1603462691.46875,21,26,52
1603462691.5,21,26,52
1603462691.53125,21,26,52
1603462691.5625,21,26,52
1603462691.59375,21,26,52
1603462691.625,21,26,52
1603462691.65625,21,26,52
1603462691.6875,21,26,52
1603462691.71875,21,26,52
1603462691.75,21,26,52
1603462691.78125,21,26,52
1603462691.8125,21,26,52
1603462691.84375,21,26,52
1603462691.875,22,26,52
1603462691.90625,21,26,52
1603462691.9375,21,26,52
1603462691.96875,21,26,52
1603462692.0,22,26,52
1603462692.03125,21,26,52
1603462692.0625,21,26,52
1603462692.09375,21,26,52
1603462692.125,22,26,52
1603462692.15625,21,26,52
1603462692.1875,21,26,52
1603462692.21875,21,26,52
1603462692.25,21,26,52
1603462692.28125,21,26,52
1603462692.3125,22,26,52
1603462692.34375,21,26,53
1603462692.375,21,26,52
1603462692.40625,21,26,52
1603462692.4375,22,26,52
1603462692.46875,22,26,52
1603462692.5,21,26,52
1603462692.53125,21,26,52
1603462692.5625,21,26,52
1603462692.59375,21,26,52
1603462692.625,22,26,52
1603462692.65625,22,26,52
1603462692.6875,21,26,52
1603462692.71875,21,26,52
1603462692.75,21,26,52
1603462692.78125,21,26,52
1603462692.8125,21,26,52
1603462692.84375,22,26,52
1603462692.875,21,26,52
1603462692.90625,21,26,52
1603462692.9375,21,26,53
1603462692.96875,21,26,52
1603462693.0,21,26,52
1603462693.03125,21,26,52
1603462693.0625,21,26,52
1603462693.09375,22,26,52
1603462693.125,21,26,52
1603462693.15625,21,26,52
1603462693.1875,21,26,52
1603462693.21875,21,26,52
1603462693.25,21,26,52
1603462693.28125,21,26,52
1603462693.3125,21,26,52
1603462693.34375,21,26,52
1603462693.375,21,26,52
1603462693.40625,21,26,52
1603462693.4375,22,26,52
1603462693.46875,21,26,52
1603462693.5,21,26,52
1603462693.53125,21,26,52
1603462693.5625,21,26,52
1603462693.59375,21,26,52
1603462693.625,21,26,52
1603462693.65625,21,26,52
1603462693.6875,21,26,52
1603462693.71875,21,26,52
1603462693.75,21,26,52
1603462693.78125,21,26,52
1603462693.8125,22,26,52
1603462693.84375,21,26,52
1603462693.875,21,26,52
1603462693.90625,21,26,52
1603462693.9375,21,26,52
1603462693.96875,22,26,52
1603462694.0,21,26,52
1603462694.03125,21,26,52
1603462694.0625,21,26,52
1603462694.09375,22,26,52
1603462694.125,21,26,52
1603462694.15625,21,26,52
1603462694.1875,21,26,52
1603462694.21875,21,26,52
1603462694.25,21,26,52
1603462694.28125,22,26,52
1603462694.3125,21,26,53
1603462694.34375,21,26,52
1603462694.375,21,26,52
1603462694.40625,22,26,52
1603462694.4375,21,26,52
1603462694.46875,21,26,52
1603462694.5,21,26,52
1603462694.53125,21,26,52
1603462694.5625,21,26,52
1603462694.59375,22,26,52
1603462694.625,21,26,52
1603462694.65625,21,26,52
1603462694.6875,21,26,52
1603462694.71875,21,26,52
1603462694.75,21,26,52
1603462694.78125,21,26,52
1603462694.8125,21,26,52
1603462694.84375,22,26,52
1603462694.875,21,26,52
1603462694.90625,21,26,52
1603462694.9375,22,26,52
1603462694.96875,21,26,52
1603462695.0,21,26,52
1603462695.03125,21,26,52
1603462695.0625,21,26,52
1603462695.09375,21,26,52
1603462695.125,21,26,52
1603462695.15625,21,26,52
1603462695.1875,22,26,52
1603462695.21875,21,26,52
1603462695.25,22,26,52
1603462695.28125,21,26,52
1603462695.3125,21,26,52
1603462695.34375,21,26,52
1603462695.375,22,26,52
1603462695.40625,22,26,52
1603462695.4375,21,26,52
1603462695.46875,21,26,52
1603462695.5,21,26,52
1603462695.53125,21,26,52
1603462695.5625,21,26,52
1603462695.59375,21,26,52
1603462695.625,21,26,52
1603462695.65625,21,26,52
1603462695.6875,21,26,52
1603462695.71875,21,26,52
1603462695.75,21,26,52
1603462695.78125,21,26,52
1603462695.8125,21,26,52
1603462695.84375,21,26,52
1603462695.875,21,26,52
1603462695.90625,22,26,52
1603462695.9375,21,26,52
1603462695.96875,21,26,52
1603462696.0,21,26,52
1603462696.03125,21,26,52
1603462696.0625,21,26,52
1603462696.09375,21,26,52
1603462696.125,21,26,52
1603462696.15625,21,26,52
1603462696.1875,21,26,52
1603462696.21875,21,26,52
1603462696.25,21,26,52
1603462696.28125,21,26,52
1603462696.3125,21,26,52
1603462696.34375,21,26,52
1603462696.375,22,26,52
1603462696.40625,21,26,52
1603462696.4375,21,26,52
1603462696.46875,21,26,52
1603462696.5,21,26,52
1603462696.53125,22,26,52
1603462696.5625,21,26,52
1603462696.59375,22,26,52
1603462696.625,21,26,52
1603462696.65625,21,26,52
1603462696.6875,21,26,52
1603462696.71875,22,26,52
1603462696.75,21,26,52
1603462696.78125,21,26,52
1603462696.8125,21,26,52
1603462696.84375,21,26,52
1603462696.875,22,26,52
1603462696.90625,21,26,52
1603462696.9375,21,26,52
1603462696.96875,21,26,52
1603462697.0,22,26,52
1603462697.03125,22,26,52
1603462697.0625,22,26,52
1603462697.09375,21,26,52
1603462697.125,22,26,52
1603462697.15625,21,26,52
1603462697.1875,21,26,52
1603462697.21875,21,26,52
1603462697.25,22,26,52
1603462697.28125,21,26,52
1603462697.3125,21,26,52
1603462697.34375,22,26,52
1603462697.375,21,26,52
1603462697.40625,21,26,52
1603462697.4375,22,26,52
1603462697.46875,21,26,52
1603462697.5,21,26,52
1603462697.53125,21,26,52
1603462697.5625,21,26,52
1603462697.59375,22,26,52
1603462697.625,21,26,52
1603462697.65625,21,26,52
1603462697.6875,21,26,52
1603462697.71875,21,26,52
1603462697.75,21,26,52
1603462697.78125,21,26,52
1603462697.8125,21,26,53
1603462697.84375,22,26,52
1603462697.875,22,26,52
1603462697.90625,21,26,52
1603462697.9375,21,26,52
1603462697.96875,22,26,52
1603462698.0,21,26,52
1603462698.03125,21,26,53
1603462698.0625,21,26,52
1603462698.09375,21,26,52
1603462698.125,21,26,52
1603462698.15625,21,26,52
1603462698.1875,21,26,52
1603462698.21875,21,26,53
1603462698.25,22,26,52
1603462698.28125,21,26,52
1603462698.3125,21,26,52
1603462698.34375,21,26,52
1603462698.375,21,26,52
1603462698.40625,22,26,52
1603462698.4375,22,26,52
1603462698.46875,21,26,52
1603462698.5,21,26,52
1603462698.53125,21,26,52
1603462698.5625,22,26,52
1603462698.59375,21,26,52
1603462698.625,21,26,52
1603462698.65625,21,26,52
1603462698.6875,21,26,52
1603462698.71875,21,26,52
1603462698.75,21,26,52
1603462698.78125,21,26,52
1603462698.8125,22,26,52
1603462698.84375,21,26,52
1603462698.875,22,26,52
1603462698.90625,22,26,52
1603462698.9375,21,26,52
1603462698.96875,21,26,52
1603462699.0,22,26,52
1603462699.03125,21,26,52
1603462699.0625,22,26,52
1603462699.09375,22,26,52
1603462699.125,21,26,52
1603462699.15625,21,26,52
1603462699.1875,21,26,52
1603462699.21875,21,26,52
1603462699.25,21,26,52
1603462699.28125,21,26,52
1603462699.3125,21,26,52
1603462699.34375,21,26,52
1603462699.375,21,26,52
1603462699.40625,21,26,52
1603462699.4375,21,26,52
1603462699.46875,21,26,52
1603462699.5,21,26,52
1603462699.53125,22,26,52
1603462699.5625,22,26,52
1603462699.59375,21,26,52
1603462699.625,21,26,52
1603462699.65625,21,26,52
1603462699.6875,21,26,52
1603462699.71875,21,26,52
1603462699.75,21,26,52
1603462699.78125,21,26,52
1603462699.8125,21,26,52
1603462699.84375,21,26,52
1603462699.875,22,26,52
1603462699.90625,22,26,52
1603462699.9375,21,26,52
1603462699.96875,21,26,52
1603462700.0,21,26,52
1603462700.03125,22,26,52
1603462700.0625,22,26,52
1603462700.09375,21,26,53
1603462700.125,21,26,52
1603462700.15625,21,26,52
1603462700.1875,22,26,52
1603462700.21875,21,26,52
1603462700.25,21,26,52
1603462700.28125,21,26,52
1603462700.3125,22,26,52
1603462700.34375,21,26,52
1603462700.375,22,26,52
1603462700.40625,21,26,52
1603462700.4375,21,26,52
1603462700.46875,22,26,52
1603462700.5,21,26,53
1603462700.53125,21,26,52
1603462700.5625,21,26,52
1603462700.59375,21,26,52
1603462700.625,21,26,52
1603462700.65625,21,26,52
1603462700.6875,21,26,52
1603462700.71875,21,26,52
1603462700.75,21,26,52
1603462700.78125,21,26,52
1603462700.8125,21,26,52
1603462700.84375,21,26,52
1603462700.875,22,26,52
1603462700.90625,21,26,52
1603462700.9375,21,26,52
1603462700.96875,21,26,52
1603462701.0,21,26,52
1603462701.03125,22,26,52
1603462701.0625,21,26,52
1603462701.09375,21,26,52
1603462701.125,21,26,52
1603462701.15625,22,26,52
1603462701.1875,21,26,52
1603462701.21875,21,26,53
1603462701.25,22,26,52
1603462701.28125,21,26,52
1603462701.3125,21,26,52
1603462701.34375,21,26,52
1603462701.375,22,26,52
1603462701.40625,21,26,52
1603462701.4375,21,26,52
1603462701.46875,21,26,52
1603462701.5,21,26,52
1603462701.53125,22,26,52
1603462701.5625,21,26,52
1603462701.59375,21,26,52
1603462701.625,22,26,52
1603462701.65625,21,26,52
1603462701.6875,21,26,52
1603462701.71875,21,26,52
1603462701.75,21,26,52
1603462701.78125,21,26,52
1603462701.8125,21,26,52
1603462701.84375,21,26,52
1603462701.875,21,26,52
1603462701.90625,21,26,52
1603462701.9375,21,26,52
1603462701.96875,22,26,52
1603462702.0,21,26,52
1603462702.03125,21,26,52
1603462702.0625,21,26,52
1603462702.09375,21,26,52
1603462702.125,21,26,52
1603462702.15625,21,26,52
1603462702.1875,22,26,52
1603462702.21875,21,26,52
1603462702.25,22,26,52
1603462702.28125,22,26,53
1603462702.3125,21,26,52
1603462702.34375,22,26,52
1603462702.375,21,26,52
1603462702.40625,21,26,52
1603462702.4375,21,26,52
1603462702.46875,21,26,52
1603462702.5,21,26,52
1603462702.53125,21,26,52
1603462702.5625,21,26,52
1603462702.59375,21,26,53
1603462702.625,21,26,52
1603462702.65625,21,26,53
1603462702.6875,21,26,52
1603462702.71875,21,26,52
1603462702.75,21,26,52
1603462702.78125,21,26,52
1603462702.8125,21,26,53
1603462702.84375,21,26,52
1603462702.875,21,26,52
1603462702.90625,22,26,52
1603462702.9375,21,26,52
1603462702.96875,21,26,52
1603462703.0,21,26,52
1603462703.03125,22,26,52
1603462703.0625,22,26,52
1603462703.09375,21,26,52
1603462703.125,21,26,52
1603462703.15625,21,26,52
1603462703.1875,21,26,52
1603462703.21875,21,26,53
1603462703.25,21,26,52
1603462703.28125,21,26,52
1603462703.3125,21,26,52
1603462703.34375,21,26,52
1603462703.375,21,26,52
1603462703.40625,21,26,52
1603462703.4375,21,26,52
1603462703.46875,21,26,52
1603462703.5,21,26,52
1603462703.53125,21,26,52
1603462703.5625,21,26,52
1603462703.59375,21,26,52
1603462703.625,21,26,52
1603462703.65625,21,26,52
1603462703.6875,21,26,52
1603462703.71875,21,26,52
1603462703.75,21,26,52
1603462703.78125,21,26,52
1603462703.8125,21,26,52
1603462703.84375,21,26,52
1603462703.875,21,26,52
1603462703.90625,21,26,52
1603462703.9375,21,26,52
1603462703.96875,21,26,52
1603462704.0,21,26,52
1603462704.03125,21,26,52
1603462704.0625,21,26,52
1603462704.09375,21,26,52
1603462704.125,21,26,52
1603462704.15625,21,26,52
1603462704.1875,21,26,52
1603462704.21875,21,26,52
1603462704.25,21,26,52
1603462704.28125,21,26,52
1603462704.3125,21,26,52
1603462704.34375,21,26,52
1603462704.375,22,26,52
1603462704.40625,21,26,52
1603462704.4375,21,26,52
1603462704.46875,21,26,52
1603462704.5,21,26,52
1603462704.53125,21,26,52
1603462704.5625,21,26,52
1603462704.59375,21,26,52
1603462704.625,21,26,52
1603462704.65625,21,26,52
1603462704.6875,21,26,52
1603462704.71875,21,26,52
1603462704.75,21,26,52
1603462704.78125,21,26,52
1603462704.8125,22,26,52
1603462704.84375,21,26,53
1603462704.875,21,26,52
1603462704.90625,22,26,52
1603462704.9375,21,26,52
1603462704.96875,21,26,52
1603462705.0,21,26,52
1603462705.03125,21,26,52
1603462705.0625,21,26,52
1603462705.09375,21,26,52
1603462705.125,21,26,52
1603462705.15625,21,26,52
1603462705.1875,22,26,52
1603462705.21875,22,26,52
1603462705.25,22,26,52
1603462705.28125,21,26,52
1603462705.3125,21,26,52
1603462705.34375,21,26,52
1603462705.375,21,26,52
1603462705.40625,21,26,52
1603462705.4375,21,26,52
1603462705.46875,21,26,52
1603462705.5,21,26,52
1603462705.53125,21,26,52
1603462705.5625,21,26,52
1603462705.59375,21,26,53
1603462705.625,21,26,52
1603462705.65625,22,26,52
1603462705.6875,21,26,52
1603462705.71875,21,26,52
1603462705.75,22,26,52
1603462705.78125,22,26,52
1603462705.8125,21,26,52
1603462705.84375,22,26,52
1603462705.875,21,26,52
1603462705.90625,21,26,52
1603462705.9375,21,26,52
1603462705.96875,22,26,52
1603462706.0,21,26,52
1603462706.03125,22,26,52
1603462706.0625,21,26,52
1603462706.09375,21,26,52
1603462706.125,21,26,53
1603462706.15625,22,26,52
1603462706.1875,21,26,52
1603462706.21875,21,26,52
1603462706.25,22,26,53
1603462706.28125,21,26,52
1603462706.3125,21,26,52
1603462706.34375,21,26,52
1603462706.375,22,26,52
1603462706.40625,21,26,52
1603462706.4375,21,26,52
1603462706.46875,21,26,52
1603462706.5,22,26,52
1603462706.53125,21,26,52
1603462706.5625,21,26,52
1603462706.59375,21,26,52
1603462706.625,22,26,52
1603462706.65625,22,26,52
1603462706.6875,22,26,52
1603462706.71875,21,26,52
1603462706.75,22,26,52
1603462706.78125,22,26,52
1603462706.8125,21,26,52
1603462706.84375,22,26,52
1603462706.875,21,26,52
1603462706.90625,22,26,52
1603462706.9375,22,26,52
1603462706.96875,21,26,52
1603462707.0,22,26,52
1603462707.03125,21,26,52
1603462707.0625,22,26,52
1603462707.09375,22,26,52
1603462707.125,22,26,52
1603462707.15625,22,26,52
1603462707.1875,22,26,52
1603462707.21875,22,26,52
1603462707.25,21,26,52
1603462707.28125,21,26,52
1603462707.3125,22,26,52
1603462707.34375,22,26,52
1603462707.375,22,26,52
1603462707.40625,22,26,52
1603462707.4375,22,26,52
1603462707.46875,22,26,52
1603462707.5,22,26,52
1603462707.53125,21,26,52
1603462707.5625,22,26,52
1603462707.59375,21,26,52
1603462707.625,22,26,52
1603462707.65625,22,26,53
1603462707.6875,21,26,52
1603462707.71875,22,26,52
1603462707.75,22,26,52
1603462707.78125,21,26,52
1603462707.8125,22,26,52
1603462707.84375,22,26,52
1603462707.875,21,26,52
1603462707.90625,22,26,52
1603462707.9375,22,26,52
1603462707.96875,22,26,52
1603462708.0,21,26,52
1603462708.03125,22,26,52
1603462708.0625,21,26,52
1603462708.09375,21,26,52
1603462708.125,22,26,52
1603462708.15625,21,26,52
1603462708.1875,22,26,52
1603462708.21875,22,26,52
1603462708.25,21,26,52
1603462708.28125,21,26,52
1603462708.3125,21,26,52
1603462708.34375,21,26,52
1603462708.375,22,26,52
1603462708.40625,21,26,52
1603462708.4375,21,26,52
1603462708.46875,21,26,52
1603462708.5,22,26,52
1603462708.53125,22,26,52
1603462708.5625,21,26,52
1603462708.59375,21,26,52
1603462708.625,22,26,52
1603462708.65625,22,26,52
1603462708.6875,22,26,52
1603462708.71875,22,26,52
1603462708.75,21,26,52
1603462708.78125,22,26,52
1603462708.8125,22,26,52
1603462708.84375,22,26,52
1603462708.875,21,26,52
1603462708.90625,22,26,52
1603462708.9375,22,26,52
1603462708.96875,22,26,52
1603462709.0,22,26,52
1603462709.03125,21,26,52
1603462709.0625,21,26,52
1603462709.09375,22,26,52
1603462709.125,22,26,52
1603462709.15625,22,26,52
1603462709.1875,22,26,52
1603462709.21875,22,26,52
1603462709.25,22,26,52
1603462709.28125,22,26,52
1603462709.3125,22,26,52
1603462709.34375,21,26,52
1603462709.375,21,26,52
1603462709.40625,21,26,52
1603462709.4375,21,26,52
1603462709.46875,21,26,52
1603462709.5,22,26,52
1603462709.53125,22,26,52
1603462709.5625,22,26,52
1603462709.59375,22,26,52
1603462709.625,22,26,52
1603462709.65625,21,26,52
1603462709.6875,22,26,52
1603462709.71875,22,26,53
1603462709.75,21,26,52
1603462709.78125,22,26,52
1603462709.8125,22,26,52
1603462709.84375,22,26,52
1603462709.875,22,26,52
1603462709.90625,22,26,52
1603462709.9375,21,26,52
1603462709.96875,21,26,52
1603462710.0,22,26,52
1603462710.03125,22,26,52
1603462710.0625,22,26,52
1603462710.09375,22,26,52
1603462710.125,22,26,52
1603462710.15625,22,26,52
1603462710.1875,22,26,52
1603462710.21875,21,26,52
1603462710.25,22,26,52
1603462710.28125,22,26,52
1603462710.3125,22,26,52
1603462710.34375,22,26,52
1603462710.375,21,26,52
1603462710.40625,22,26,52
1603462710.4375,22,26,52
1603462710.46875,22,26,52
1603462710.5,21,26,52
1603462710.53125,22,26,52
1603462710.5625,22,26,52
1603462710.59375,21,26,52
1603462710.625,21,26,52
1603462710.65625,22,26,52
1603462710.6875,22,26,52
1603462710.71875,21,26,52
1603462710.75,22,26,52
1603462710.78125,22,26,52
1603462710.8125,22,26,52
1603462710.84375,22,26,52
1603462710.875,22,26,52
1603462710.90625,22,26,52
1603462710.9375,22,26,52
1603462710.96875,22,26,52
1603462711.0,21,26,52
1603462732.0,22,26,52
1603462732.03125,22,26,52
1603462732.0625,22,26,52
1603462732.09375,22,26,52
1603462732.125,22,26,52
1603462732.15625,22,26,52
1603462732.1875,22,26,52
1603462732.21875,22,26,52
1603462732.25,22,26,52
1603462732.28125,22,26,52
1603462732.3125,22,26,52
1603462732.34375,22,26,52
1603462732.375,22,26,52
1603462732.40625,22,26,52
1603462732.4375,22,26,52
1603462732.46875,22,26,52
1603462732.5,22,26,52
1603462732.53125,22,26,52
1603462732.5625,22,26,52
1603462732.59375,22,26,52
1603462732.625,22,26,52
1603462732.65625,22,26,52
1603462732.6875,22,26,52
1603462732.71875,22,26,52
1603462732.75,22,26,52
1603462732.78125,22,26,52
1603462732.8125,22,26,52
1603462732.84375,22,26,52
1603462732.875,22,26,52
1603462732.90625,22,26,52
1603462732.9375,22,26,52
1603462732.96875,22,26,52
1603462733.0,22,26,52
1603462733.03125,22,26,52
1603462733.0625,22,26,52
1603462733.09375,22,26,52
1603462733.125,22,26,52
1603462733.15625,22,26,52
1603462733.1875,22,26,52
1603462733.21875,22,26,52
1603462733.25,22,26,52
1603462733.28125,22,26,52
1603462733.3125,22,26,52
1603462733.34375,22,26,52
1603462733.375,22,26,52
1603462733.40625,22,26,52
1603462733.4375,22,26,52
1603462733.46875,22,26,52
1603462733.5,22,26,52
1603462733.53125,22,26,52
1603462733.5625,22,26,52
1603462733.59375,22,26,52
1603462733.625,22,26,52
1603462733.65625,22,26,52
1603462733.6875,22,26,52
1603462733.71875,22,26,52
1603462733.75,22,26,52
1603462733.78125,22,26,52
1603462733.8125,22,26,52
1603462733.84375,22,26,52
1603462733.875,22,26,52
1603462733.90625,22,26,52
1603462733.9375,22,26,52
1603462733.96875,22,26,52
1603462734.0,22,26,52
1603462734.03125,22,26,52
1603462734.0625,22,26,52
1603462734.09375,22,26,52
1603462734.125,22,26,52
1603462734.15625,22,26,52
1603462734.1875,22,26,52
1603462734.21875,22,26,52
1603462734.25,22,26,52
1603462734.28125,22,26,52
1603462734.3125,22,26,52
1603462734.34375,22,26,52
1603462734.375,22,26,52
1603462734.40625,22,26,52
1603462734.4375,22,26,52
1603462734.46875,22,26,52
1603462734.5,22,26,52
1603462734.53125,22,26,52
1603462734.5625,22,26,52
1603462734.59375,22,26,52
1603462734.625,22,26,52
1603462734.65625,22,26,52
1603462734.6875,22,26,52
1603462734.71875,22,26,52
1603462734.75,22,26,52
1603462734.78125,22,26,52
1603462734.8125,22,26,52
1603462734.84375,22,26,52
1603462734.875,22,26,52
1603462734.90625,22,26,52
1603462734.9375,22,26,52
1603462734.96875,22,26,52
1603462735.0,22,26,52
1603462735.03125,22,26,52
1603462735.0625,22,26,52
1603462735.09375,22,26,52
1603462735.125,22,26,52
1603462735.15625,22,26,52
1603462735.1875,22,26,52
1603462735.21875,22,26,52
1603462735.25,22,26,52
1603462735.28125,22,26,52
1603462735.3125,22,26,52
1603462735.34375,22,26,52
1603462735.375,22,26,52
1603462735.40625,22,26,52
1603462735.4375,22,26,52
1603462735.46875,22,26,52
1603462735.5,22,26,52
1603462735.53125,22,26,52
1603462735.5625,22,26,52
1603462735.59375,22,26,52
1603462735.625,22,26,52
1603462735.65625,22,26,52
1603462735.6875,22,26,52
1603462735.71875,22,26,52
1603462735.75,22,26,52
1603462735.78125,22,26,52
1603462735.8125,22,26,52
1603462735.84375,22,26,52
1603462735.875,22,26,52
1603462735.90625,22,26,52
1603462735.9375,22,26,52
1603462735.96875,22,26,52
1603462736.0,22,26,52
1603462736.03125,22,26,52
1603462736.0625,22,26,52
1603462736.09375,22,26,52
1603462736.125,22,26,52
1603462736.15625,22,26,52
1603462736.1875,22,26,52
1603462736.21875,22,26,52
1603462736.25,22,26,52
1603462736.28125,22,26,52
1603462736.3125,22,26,52
1603462736.34375,22,26,52
1603462736.375,22,26,52
1603462736.40625,22,26,52
1603462736.4375,22,26,52
1603462736.46875,22,26,52
1603462736.5,22,26,52
1603462736.53125,22,26,52
1603462736.5625,22,26,52
1603462736.59375,22,26,52
1603462736.625,22,26,52
1603462736.65625,22,26,52
1603462736.6875,22,26,52
1603462736.71875,22,26,52
1603462736.75,22,26,52
1603462736.78125,22,26,52
1603462736.8125,22,26,52
1603462736.84375,22,26,52
1603462736.875,22,26,52
1603462736.90625,22,26,52
1603462736.9375,22,26,52
1603462736.96875,22,26,52
1603462737.0,22,26,52
1603462737.03125,22,26,52
1603462737.0625,22,26,52
1603462737.09375,22,26,52
1603462737.125,22,26,52
1603462737.15625,22,26,52
1603462737.1875,22,26,52
1603462737.21875,22,26,52
1603462737.25,22,26,52
1603462737.28125,22,26,52
1603462737.3125,22,26,52
1603462737.34375,22,26,52
1603462737.375,22,26,52
1603462737.40625,22,26,52
1603462737.4375,22,26,52
1603462737.46875,22,26,52
1603462737.5,22,26,52
1603462737.53125,22,26,52
1603462737.5625,22,26,52
1603462737.59375,22,26,52
1603462737.625,22,26,52
1603462737.65625,22,26,52
1603462737.6875,22,26,52
1603462737.71875,22,26,52
1603462737.75,22,26,52
1603462737.78125,22,26,52
1603462737.8125,22,26,52
1603462737.84375,22,26,52
1603462737.875,22,26,52
1603462737.90625,22,26,52
1603462737.9375,22,26,52
1603462737.96875,22,26,52
1603462738.0,22,26,52
1603462738.03125,22,26,52
1603462738.0625,22,26,52
1603462738.09375,22,26,52
1603462738.125,22,26,52
1603462738.15625,22,26,52
1603462738.1875,22,26,52
1603462738.21875,22,26,52
1603462738.25,22,26,52
1603462738.28125,22,26,52
1603462738.3125,22,26,52
1603462738.34375,22,26,52
1603462738.375,22,26,52
1603462738.40625,22,26,52
1603462738.4375,22,26,52
1603462738.46875,22,26,52
1603462738.5,22,26,52
1603462738.53125,22,26,52
1603462738.5625,22,26,52
1603462738.59375,22,26,52
1603462738.625,22,26,52
1603462738.65625,22,26,52
1603462738.6875,22,26,52
1603462738.71875,22,26,52
1603462738.75,22,26,52
1603462738.78125,22,26,52
1603462738.8125,22,26,52
1603462738.84375,22,26,52
1603462738.875,22,26,52
1603462738.90625,22,26,52
1603462738.9375,22,26,52
1603462738.96875,22,26,52
1603462739.0,22,26,52
1603462739.03125,22,26,52
1603462739.0625,22,26,52
1603462739.09375,22,26,52
1603462739.125,22,26,52
1603462739.15625,22,26,52
1603462739.1875,22,26,52
1603462739.21875,22,26,52
1603462739.25,22,26,52
1603462739.28125,22,26,52
1603462739.3125,22,26,52
1603462739.34375,22,26,52
1603462739.375,22,26,52
1603462739.40625,22,26,52
1603462739.4375,22,26,52
1603462739.46875,22,26,52
1603462739.5,22,26,52
1603462739.53125,22,26,52
1603462739.5625,22,26,52
1603462739.59375,22,26,52
1603462739.625,22,26,52
1603462739.65625,22,26,52
1603462739.6875,22,26,52
1603462739.71875,22,26,52
1603462739.75,22,26,52
1603462739.78125,22,26,52
1603462739.8125,22,26,52
1603462739.84375,22,26,52
1603462739.875,22,26,52
1603462739.90625,22,26,52
1603462739.9375,22,26,52
1603462739.96875,22,26,52
1603462740.0,22,26,52
1603462740.03125,22,26,52
1603462740.0625,22,26,52
1603462740.09375,22,26,52
1603462740.125,22,26,52
1603462740.15625,22,26,52
1603462740.1875,22,26,52
1603462740.21875,22,26,52
1603462740.25,22,26,52
1603462740.28125,22,26,52
1603462740.3125,22,26,52
1603462740.34375,22,26,52
1603462740.375,22,26,52
1603462740.40625,22,26,52
1603462740.4375,22,26,52
1603462740.46875,22,26,52
1603462740.5,22,26,52
1603462740.53125,22,26,52
1603462740.5625,22,26,52
1603462740.59375,22,26,52
1603462740.625,22,26,52
1603462740.65625,22,26,52
1603462740.6875,22,26,52
1603462740.71875,22,26,52
1603462740.75,22,26,52
1603462740.78125,22,26,52
1603462740.8125,22,26,52
1603462740.84375,22,26,52
1603462740.875,22,26,52
1603462740.90625,22,26,52
1603462740.9375,22,26,52
1603462740.96875,22,26,52
1603462741.0,22,26,52
1603462741.03125,22,26,52
1603462741.0625,22,26,52
1603462741.09375,22,26,52
1603462741.125,22,26,52
1603462741.15625,22,26,52
1603462741.1875,22,26,52
1603462741.21875,22,26,52
1603462741.25,22,26,52
1603462741.28125,22,25,52
1603462741.3125,22,26,52
1603462741.34375,22,26,52
1603462741.375,22,26,52
1603462741.40625,22,26,52
1603462741.4375,22,26,52
1603462741.46875,22,26,52
1603462741.5,22,26,52
1603462741.53125,22,26,52
1603462741.5625,22,26,52
1603462741.59375,22,26,52
1603462741.625,22,26,52
1603462741.65625,22,26,52
1603462741.6875,22,26,52
1603462741.71875,22,26,52
1603462741.75,22,26,52
1603462741.78125,22,26,52
1603462741.8125,22,26,52
1603462741.84375,22,26,52
1603462741.875,22,26,52
1603462741.90625,22,26,52
1603462741.9375,22,26,52
1603462741.96875,22,26,52
1603462742.0,22,26,52
1603462742.03125,22,26,52
1603462742.0625,22,26,52
1603462742.09375,22,26,52
1603462742.125,22,26,52
1603462742.15625,22,26,52
1603462742.1875,22,26,52
1603462742.21875,22,26,52
1603462742.25,22,26,52
1603462742.28125,22,26,52
1603462742.3125,22,26,52
1603462742.34375,22,26,52
1603462742.375,22,26,52
1603462742.40625,22,26,52
1603462742.4375,22,26,52
1603462742.46875,22,26,52
1603462742.5,22,26,52
1603462742.53125,22,26,52
1603462742.5625,22,26,52
1603462742.59375,22,26,52
1603462742.625,22,26,52
1603462742.65625,22,26,52
1603462742.6875,22,26,52
1603462742.71875,22,26,52
1603462742.75,22,26,52
1603462742.78125,22,26,52
1603462742.8125,22,26,52
1603462742.84375,22,26,52
1603462742.875,22,26,52
1603462742.90625,22,26,52
1603462742.9375,22,26,52
1603462742.96875,22,26,52
1603462743.0,22,26,52
1603462743.03125,22,26,52
1603462743.0625,22,25,52
1603462743.09375,22,26,52
1603462743.125,22,26,52
1603462743.15625,22,26,52
1603462743.1875,22,26,52
1603462743.21875,22,26,52
1603462743.25,22,26,52
1603462743.28125,22,26,52
1603462743.3125,22,26,52
1603462743.34375,22,26,52
1603462743.375,22,26,52
1603462743.40625,22,26,52
1603462743.4375,22,26,52
1603462743.46875,22,26,52
1603462743.5,22,26,52
1603462743.53125,22,26,52
1603462743.5625,22,26,52
1603462743.59375,22,26,52
1603462743.625,22,26,52
1603462743.65625,22,26,52
1603462743.6875,22,26,52
1603462743.71875,22,26,52
1603462743.75,22,26,52
1603462743.78125,22,26,52
1603462743.8125,22,26,52
1603462743.84375,22,26,52
1603462743.875,22,26,52
1603462743.90625,22,26,52
1603462743.9375,22,26,52
1603462743.96875,22,26,52
1603462744.0,22,26,52
1603462744.03125,22,26,52
1603462744.0625,22,26,52
1603462744.09375,22,26,52
1603462744.125,22,26,52
1603462744.15625,22,26,52
1603462744.1875,22,26,52
1603462744.21875,22,26,52
1603462744.25,22,26,52
1603462744.28125,22,26,52
1603462744.3125,22,26,52
1603462744.34375,22,26,52
1603462744.375,22,26,52
1603462744.40625,22,26,52
1603462744.4375,22,26,52
1603462744.46875,22,26,52
1603462744.5,22,26,52
1603462744.53125,22,26,52
1603462744.5625,22,26,52
1603462744.59375,22,26,52
1603462744.625,22,26,52
1603462744.65625,22,26,52
1603462744.6875,22,26,52
1603462744.71875,22,26,52
1603462744.75,22,26,52
1603462744.78125,22,26,52
1603462744.8125,22,26,52
1603462744.84375,22,26,52
1603462744.875,22,26,52
1603462744.90625,22,26,52
1603462744.9375,22,26,52
1603462744.96875,22,26,52
1603462745.0,22,26,52
1603462745.03125,22,26,52
1603462745.0625,22,26,52
1603462745.09375,22,26,52
1603462745.125,22,26,52
1603462745.15625,22,26,52
1603462745.1875,22,26,52
1603462745.21875,22,26,52
1603462745.25,22,26,52
1603462745.28125,22,26,52
1603462745.3125,22,26,52
1603462745.34375,22,26,52
1603462745.375,22,26,52
1603462745.40625,22,26,52
1603462745.4375,22,26,52
1603462745.46875,22,26,52
1603462745.5,22,26,52
1603462745.53125,22,26,52
1603462745.5625,22,26,52
1603462745.59375,22,26,52
1603462745.625,22,26,52
1603462745.65625,22,26,52
1603462745.6875,22,26,52
1603462745.71875,22,26,52
1603462745.75,22,26,52
1603462745.78125,22,26,52
1603462745.8125,22,26,52
1603462745.84375,22,26,52
1603462745.875,22,26,52
1603462745.90625,22,26,52
1603462745.9375,22,26,52
1603462745.96875,22,26,52
1603462746.0,22,26,52
1603462746.03125,22,26,52
1603462746.0625,22,26,52
1603462746.09375,22,26,52
1603462746.125,22,26,52
1603462746.15625,22,26,52
1603462746.1875,22,26,52
1603462746.21875,22,26,52
1603462746.25,22,26,52
1603462746.28125,22,26,52
1603462746.3125,22,26,52
1603462746.34375,22,26,52
1603462746.375,22,26,52
1603462746.40625,22,26,52
1603462746.4375,22,26,52
1603462746.46875,22,26,52
1603462746.5,22,26,52
1603462746.53125,22,26,52
1603462746.5625,22,26,52
1603462746.59375,22,26,52
1603462746.625,22,26,52
1603462746.65625,22,26,52
1603462746.6875,22,26,52
1603462746.71875,22,26,52
1603462746.75,22,26,52
1603462746.78125,22,26,52
1603462746.8125,22,26,52
1603462746.84375,22,26,52
1603462746.875,22,26,52
1603462746.90625,22,26,52
1603462746.9375,22,26,52
1603462746.96875,22,26,52
1603462747.0,22,26,52
1603462747.03125,22,26,52
1603462747.0625,22,26,52
1603462747.09375,22,26,52
1603462747.125,22,26,52
1603462747.15625,22,26,52
1603462747.1875,22,26,52
1603462747.21875,22,26,52
1603462747.25,22,26,52
1603462747.28125,22,26,52
1603462747.3125,22,26,52
1603462747.34375,22,26,52
1603462747.375,22,26,52
1603462747.40625,22,26,52
1603462747.4375,22,26,52
1603462747.46875,22,26,52
1603462747.5,22,26,52
1603462747.53125,22,26,52
1603462747.5625,22,26,52
1603462747.59375,22,26,52
1603462747.625,22,26,52
1603462747.65625,22,26,52
1603462747.6875,22,26,52
1603462747.71875,22,26,52
1603462747.75,22,26,52
1603462747.78125,22,26,52
1603462747.8125,22,25,52
1603462747.84375,22,26,52
1603462747.875,22,26,52
1603462747.90625,22,26,52
1603462747.9375,22,26,52
1603462747.96875,22,26,52
1603462748.0,22,26,52
1603462748.03125,22,26,52
1603462748.0625,22,26,52
1603462748.09375,22,26,52
1603462748.125,22,26,52
1603462748.15625,22,26,52
1603462748.1875,22,26,52
1603462748.21875,22,26,52
1603462748.25,22,26,52
1603462748.28125,22,26,52
1603462748.3125,22,26,52
1603462748.34375,22,26,52
1603462748.375,22,26,52
1603462748.40625,22,26,52
1603462748.4375,22,26,52
1603462748.46875,22,26,52
1603462748.5,22,26,52
1603462748.53125,22,26,52
1603462748.5625,22,26,52
1603462748.59375,22,26,52
1603462748.625,22,26,52
1603462748.65625,22,26,52
1603462748.6875,22,26,52
1603462748.71875,22,26,52
1603462748.75,22,26,52
1603462748.78125,22,26,52
1603462748.8125,22,26,52
1603462748.84375,22,26,52
1603462748.875,22,26,52
1603462748.90625,22,26,52
1603462748.9375,22,26,52
1603462748.96875,22,26,52
1603462749.0,22,26,52
1603462749.03125,22,26,52
1603462749.0625,22,26,52
1603462749.09375,22,26,52
1603462749.125,22,26,52
1603462749.15625,22,26,52
1603462749.1875,22,26,52
1603462749.21875,22,26,52
1603462749.25,22,26,52
1603462749.28125,22,26,52
1603462749.3125,22,26,52
1603462749.34375,22,26,52
1603462749.375,22,26,52
1603462749.40625,22,26,52
1603462749.4375,22,26,52
1603462749.46875,22,26,52
1603462749.5,22,26,52
1603462749.53125,22,26,52
1603462749.5625,22,25,52
1603462749.59375,22,26,52
1603462749.625,22,26,52
1603462749.65625,22,26,52
1603462749.6875,22,26,52
1603462749.71875,22,26,52
1603462749.75,22,26,52
1603462749.78125,22,26,52
1603462749.8125,22,26,52
1603462749.84375,22,26,52
1603462749.875,22,26,52
1603462749.90625,22,26,52
1603462749.9375,22,26,52
1603462749.96875,22,26,52
1603462750.0,22,26,52
1603462750.03125,22,26,52
1603462750.0625,22,26,52
1603462750.09375,22,26,52
1603462750.125,22,26,52
1603462750.15625,22,26,52
1603462750.1875,22,26,52
1603462750.21875,22,26,52
1603462750.25,22,26,52
1603462750.28125,22,26,52
1603462750.3125,22,26,52
1603462750.34375,22,26,52
1603462750.375,22,26,52
1603462750.40625,22,26,52
1603462750.4375,22,26,52
1603462750.46875,22,26,52
1603462750.5,22,26,52
1603462750.53125,22,26,52
1603462750.5625,22,26,52
1603462750.59375,22,26,52
1603462750.625,22,26,52
1603462750.65625,22,26,52
1603462750.6875,22,26,52
1603462750.71875,22,26,52
1603462750.75,22,26,52
1603462750.78125,22,26,52
1603462750.8125,22,26,52
1603462750.84375,22,26,52
1603462750.875,22,26,52
1603462750.90625,22,26,52
1603462750.9375,22,26,52
1603462750.96875,22,26,52
1603462751.0,22,26,52
1603462751.03125,22,26,52
1603462751.0625,22,26,52
1603462751.09375,22,26,52
1603462751.125,22,26,52
1603462751.15625,22,26,52
1603462751.1875,22,26,52
1603462751.21875,22,26,52
1603462751.25,22,26,52
1603462751.28125,22,26,52
1603462751.3125,22,26,52
1603462751.34375,22,26,52
1603462751.375,22,26,52
1603462751.40625,22,26,52
1603462751.4375,22,26,52
1603462751.46875,22,26,52
1603462751.5,22,26,52
1603462751.53125,22,26,52
1603462751.5625,22,26,52
1603462751.59375,22,26,52
1603462751.625,22,26,52
1603462751.65625,22,26,52
1603462751.6875,22,26,52
1603462751.71875,22,26,52
1603462751.75,22,26,52
1603462751.78125,22,26,52
1603462751.8125,22,26,52
1603462751.84375,22,26,52
1603462751.875,22,26,52
1603462751.90625,22,26,52
1603462751.9375,22,26,52
1603462751.96875,22,26,52
1603462752.0,22,26,52
1603462752.03125,22,26,52
1603462752.0625,22,26,52
1603462752.09375,22,26,52
1603462752.125,22,26,52
1603462752.15625,22,26,52
1603462752.1875,22,26,52
1603462752.21875,22,26,52
1603462752.25,22,26,52
1603462752.28125,22,26,52
1603462752.3125,22,26,52
1603462752.34375,22,26,52
1603462752.375,22,26,52
1603462752.40625,22,26,52
1603462752.4375,22,26,52
1603462752.46875,22,26,52
1603462752.5,22,26,52
1603462752.53125,22,26,52
1603462752.5625,22,26,52
1603462752.59375,22,26,52
1603462752.625,22,26,52
1603462752.65625,22,26,52
1603462752.6875,22,26,52
1603462752.71875,22,26,52
1603462752.75,22,26,52
1603462752.78125,22,26,52
1603462752.8125,22,26,52
1603462752.84375,22,26,52
1603462752.875,22,26,52
1603462752.90625,22,26,52
1603462752.9375,22,26,52
1603462752.96875,22,26,52
1603462753.0,22,26,52
1603462753.03125,22,26,52
1603462753.0625,22,26,52
1603462753.09375,22,26,52
1603462753.125,22,26,52
1603462753.15625,22,26,52
1603462753.1875,22,26,52
1603462753.21875,22,26,52
1603462753.25,22,26,52
1603462753.28125,22,26,52
1603462753.3125,22,26,52
1603462753.34375,22,26,52
1603462753.375,22,26,52
1603462753.40625,22,26,52
1603462753.4375,22,26,52
1603462753.46875,22,26,52
1603462753.5,22,26,52
1603462753.53125,22,26,52
1603462753.5625,22,26,52
1603462753.59375,22,26,52
1603462753.625,22,26,52
1603462753.65625,22,26,52
1603462753.6875,22,26,52
1603462753.71875,22,26,52
1603462753.75,22,26,52
1603462753.78125,22,26,52
1603462753.8125,22,26,52
1603462753.84375,22,26,52
1603462753.875,22,26,52
1603462753.90625,22,26,52
1603462753.9375,22,26,52
1603462753.96875,22,26,52
1603462754.0,22,26,52
1603462754.03125,22,26,52
1603462754.0625,22,26,52
1603462754.09375,22,26,52
1603462754.125,22,26,52
1603462754.15625,22,26,52
1603462754.1875,22,26,52
1603462754.21875,22,26,52
1603462754.25,22,26,52
1603462754.28125,22,26,52
1603462754.3125,22,26,52
1603462754.34375,22,26,52
1603462754.375,22,26,52
1603462754.40625,22,26,52
1603462754.4375,22,26,52
1603462754.46875,22,26,52
1603462754.5,22,26,52
1603462754.53125,22,26,52
1603462754.5625,22,26,52
1603462754.59375,22,26,52
1603462754.625,22,26,52
1603462754.65625,22,26,52
1603462754.6875,22,26,52
1603462754.71875,22,26,52
1603462754.75,22,26,52
1603462754.78125,22,26,52
1603462754.8125,22,26,52
1603462754.84375,22,26,52
1603462754.875,22,26,52
1603462754.90625,22,26,52
1603462754.9375,22,26,52
1603462754.96875,22,26,52
1603462755.0,22,26,52
1603462755.03125,22,26,52
1603462755.0625,22,26,52
1603462755.09375,22,26,52
1603462755.125,22,26,52
1603462755.15625,22,26,52
1603462755.1875,22,26,52
1603462755.21875,22,26,52
1603462755.25,22,26,52
1603462755.28125,22,26,52
1603462755.3125,22,26,52
1603462755.34375,22,26,52
1603462755.375,22,26,52
1603462755.40625,22,26,52
1603462755.4375,22,26,52
1603462755.46875,22,26,52
1603462755.5,22,26,52
1603462755.53125,22,26,52
1603462755.5625,22,26,52
1603462755.59375,22,26,52
1603462755.625,22,26,52
1603462755.65625,22,26,52
1603462755.6875,22,26,52
1603462755.71875,22,26,52
1603462755.75,22,26,52
1603462755.78125,22,26,52
1603462755.8125,22,26,52
1603462755.84375,22,26,52
1603462755.875,22,26,52
1603462755.90625,22,26,52
1603462755.9375,22,26,52
1603462755.96875,22,26,52
1603462756.0,22,26,52
1603462756.03125,22,26,52
1603462756.0625,22,26,52
1603462756.09375,22,26,52
1603462756.125,22,26,52
1603462756.15625,22,26,52
1603462756.1875,22,26,52
1603462756.21875,22,26,52
1603462756.25,22,26,52
1603462756.28125,22,26,52
1603462756.3125,22,26,52
1603462756.34375,22,26,52
1603462756.375,22,26,52
1603462756.40625,22,26,52
1603462756.4375,22,26,52
1603462756.46875,22,26,52
1603462756.5,22,26,52
1603462756.53125,22,26,52
1603462756.5625,22,26,52
1603462756.59375,22,26,52
1603462756.625,22,26,52
1603462756.65625,22,26,52
1603462756.6875,22,26,52
1603462756.71875,22,26,52
1603462756.75,22,26,52
1603462756.78125,22,26,52
1603462756.8125,22,26,52
1603462756.84375,22,26,52
1603462756.875,22,26,52
1603462756.90625,22,26,52
1603462756.9375,22,26,52
1603462756.96875,22,26,52
1603462757.0,22,26,52
1603462757.03125,22,26,52
1603462757.0625,22,26,52
1603462757.09375,22,26,52
1603462757.125,22,26,52
1603462757.15625,22,26,52
1603462757.1875,22,26,52
1603462757.21875,22,26,52
1603462757.25,22,26,52
1603462757.28125,22,26,52
1603462757.3125,22,26,52
1603462757.34375,22,26,52
1603462757.375,22,26,52
1603462757.40625,22,26,52
1603462757.4375,22,26,52
1603462757.46875,22,26,52
1603462757.5,22,26,52
1603462757.53125,22,26,52
1603462757.5625,22,26,52
1603462757.59375,22,26,52
1603462757.625,22,26,52
1603462757.65625,22,26,52
1603462757.6875,22,26,52
1603462757.71875,22,26,52
1603462757.75,22,26,52
1603462757.78125,22,26,52
1603462757.8125,22,26,52
1603462757.84375,22,26,52
1603462757.875,22,26,52
1603462757.90625,22,26,52
1603462757.9375,22,26,52
1603462757.96875,22,26,52
1603462758.0,22,26,52
1603462758.03125,22,26,52
1603462758.0625,22,26,52
1603462758.09375,22,26,52
1603462758.125,22,26,52
1603462758.15625,22,26,52
1603462758.1875,22,26,52
1603462758.21875,22,26,52
1603462758.25,22,26,52
1603462758.28125,22,26,52
1603462758.3125,22,26,52
1603462758.34375,22,26,52
1603462758.375,22,26,52
1603462758.40625,22,26,52
1603462758.4375,22,26,52
1603462758.46875,22,26,52
1603462758.5,22,26,52
1603462758.53125,22,26,52
1603462758.5625,22,26,52
1603462758.59375,22,26,52
1603462758.625,22,26,52
1603462758.65625,22,26,52
1603462758.6875,22,26,52
1603462758.71875,22,26,52
1603462758.75,22,26,52
1603462758.78125,22,26,52
1603462758.8125,22,26,52
1603462758.84375,22,26,52
1603462758.875,22,26,52
1603462758.90625,22,26,52
1603462758.9375,22,26,52
1603462758.96875,22,26,52
1603462759.0,22,26,52
1603462811.0,23,25,52
1603462811.03125,23,26,52
1603462811.0625,23,26,52
1603462811.09375,23,26,52
1603462811.125,23,26,52
1603462811.15625,23,26,51
1603462811.1875,23,26,52
1603462811.21875,23,26,52
1603462811.25,23,25,52
1603462811.28125,23,26,52
1603462811.3125,23,26,51
1603462811.34375,23,26,52
1603462811.375,23,26,52
1603462811.40625,23,26,52
1603462811.4375,23,26,52
1603462811.46875,23,26,52
1603462811.5,23,26,52
1603462811.53125,23,26,51
1603462811.5625,23,26,52
1603462811.59375,23,26,52
1603462811.625,23,26,52
1603462811.65625,23,26,52
1603462811.6875,23,26,52
1603462811.71875,23,26,51
1603462811.75,23,26,52
1603462811.78125,23,26,52
1603462811.8125,23,26,52
1603462811.84375,23,26,52
1603462811.875,23,25,52
1603462811.90625,23,26,52
1603462811.9375,23,26,52
1603462811.96875,23,26,52
1603462812.0,23,26,52
1603462812.03125,23,26,52
1603462812.0625,23,26,52
1603462812.09375,23,26,52
1603462812.125,23,26,52
1603462812.15625,23,26,52
1603462812.1875,23,26,52
1603462812.21875,23,26,52
1603462812.25,23,26,52
1603462812.28125,23,26,52
1603462812.3125,23,26,52
1603462812.34375,23,25,52
1603462812.375,23,26,52
1603462812.40625,23,26,52
1603462812.4375,23,26,52
1603462812.46875,23,26,52
1603462812.5,23,26,51
1603462812.53125,23,26,52
1603462812.5625,23,26,52
1603462812.59375,23,26,52
1603462812.625,23,26,52
1603462812.65625,23,26,52
1603462812.6875,23,26,52
1603462812.71875,23,25,52
1603462812.75,23,26,52
1603462812.78125,23,26,52
1603462812.8125,23,26,52
1603462812.84375,23,25,52
1603462812.875,23,26,52
1603462812.90625,23,26,52
1603462812.9375,23,25,52
1603462812.96875,23,25,51
1603462813.0,23,26,52
1603462813.03125,23,26,52
1603462813.0625,23,26,52
1603462813.09375,23,26,52
1603462813.125,23,26,52
1603462813.15625,23,26,52
1603462813.1875,23,26,52
1603462813.21875,23,25,52
1603462813.25,23,26,52
1603462813.28125,23,26,52
1603462813.3125,23,26,52
1603462813.34375,23,26,52
1603462813.375,23,26,51
1603462813.40625,23,26,52
1603462813.4375,23,26,52
1603462813.46875,23,26,52
1603462813.5,23,26,52
1603462813.53125,23,26,52
1603462813.5625,23,26,52
1603462813.59375,23,25,52
1603462813.625,23,26,52
1603462813.65625,23,26,52
1603462813.6875,23,26,52
1603462813.71875,23,26,51
1603462813.75,23,26,51
1603462813.78125,23,26,52
1603462813.8125,23,26,52
1603462813.84375,23,26,52
1603462813.875,23,25,52
1603462813.90625,23,26,52
1603462813.9375,23,26,52
1603462813.96875,23,26,52
1603462814.0,23,26,52
1603462814.03125,23,26,52
1603462814.0625,23,26,52
1603462814.09375,23,25,52
1603462814.125,23,26,52
1603462814.15625,23,25,52
1603462814.1875,23,26,51
1603462814.21875,23,26,52
1603462814.25,23,26,51
1603462814.28125,23,26,52
1603462814.3125,23,26,51
1603462814.34375,23,26,52
1603462814.375,23,26,52
1603462814.40625,23,26,52
1603462814.4375,23,26,52
1603462814.46875,23,25,51
1603462814.5,23,26,52
1603462814.53125,23,26,52
1603462814.5625,23,26,52
1603462814.59375,23,25,52
1603462814.625,23,26,51
1603462814.65625,23,26,51
1603462814.6875,23,26,52
1603462814.71875,23,26,52
1603462814.75,23,25,51
1603462814.78125,23,26,52
1603462814.8125,23,26,52
1603462814.84375,23,26,52
1603462814.875,23,26,52
1603462814.90625,23,26,52
1603462814.9375,23,26,52
1603462814.96875,23,26,52
1603462815.0,23,26,51
1603462815.03125,23,26,51
1603462815.0625,23,26,52
1603462815.09375,23,26,52
1603462815.125,23,26,51
1603462815.15625,23,26,51
1603462815.1875,23,26,52
1603462815.21875,23,26,51
1603462815.25,23,26,51
1603462815.28125,23,26,52
1603462815.3125,23,26,52
1603462815.34375,23,26,52
1603462815.375,23,26,52
1603462815.40625,23,26,52
1603462815.4375,23,26,52
1603462815.46875,23,26,52
1603462815.5,23,26,51
1603462815.53125,23,26,52
1603462815.5625,23,26,52
1603462815.59375,23,26,51
1603462815.625,23,26,52
1603462815.65625,23,26,52
1603462815.6875,23,26,51
1603462815.71875,23,26,52
1603462815.75,23,25,52
1603462815.78125,23,26,52
1603462815.8125,23,26,52
1603462815.84375,23,26,52
1603462815.875,23,26,52
1603462815.90625,23,26,51
1603462815.9375,23,26,52
1603462815.96875,23,26,52
1603462816.0,23,26,52
1603462816.03125,23,26,52
1603462816.0625,23,26,52
1603462816.09375,23,26,51
1603462816.125,23,26,52
1603462816.15625,23,26,52
1603462816.1875,23,26,52
1603462816.21875,23,26,52
1603462816.25,23,26,52
1603462816.28125,23,26,52
1603462816.3125,23,26,52
1603462816.34375,23,26,51
1603462816.375,23,26,51
1603462816.40625,23,26,51
1603462816.4375,23,26,52
1603462816.46875,23,26,52
1603462816.5,23,25,52
1603462816.53125,23,26,52
1603462816.5625,23,26,52
1603462816.59375,23,26,51
1603462816.625,23,26,52
1603462816.65625,23,26,51
1603462816.6875,23,26,52
1603462816.71875,23,26,52
1603462816.75,23,26,52
1603462816.78125,23,26,52
1603462816.8125,23,26,52
1603462816.84375,23,26,52
1603462816.875,23,26,52
1603462816.90625,23,26,51
1603462816.9375,23,26,52
1603462816.96875,23,26,52
1603462817.0,23,26,52
1603462817.03125,23,26,52
1603462817.0625,23,26,52
1603462817.09375,23,26,52
1603462817.125,23,26,52
1603462817.15625,23,25,52
1603462817.1875,23,26,52
1603462817.21875,23,26,52
1603462817.25,23,26,52
1603462817.28125,23,26,52
1603462817.3125,23,26,52
1603462817.34375,23,26,52
1603462817.375,23,26,52
1603462817.40625,23,26,52
1603462817.4375,23,26,52
1603462817.46875,23,25,52
1603462817.5,23,26,52
1603462817.53125,23,26,52
1603462817.5625,23,26,51
1603462817.59375,23,26,52
1603462817.625,23,26,52
1603462817.65625,23,26,52
1603462817.6875,23,25,52
1603462817.71875,23,26,52
1603462817.75,23,26,52
1603462817.78125,23,26,52
1603462817.8125,23,25,52
1603462817.84375,23,26,52
1603462817.875,23,26,52
1603462817.90625,23,26,52
1603462817.9375,23,26,52
1603462817.96875,23,25,52
1603462818.0,23,26,52
1603462818.03125,23,26,52
1603462818.0625,23,26,52
1603462818.09375,23,26,52
1603462818.125,23,25,52
1603462818.15625,23,26,52
1603462818.1875,23,26,52
1603462818.21875,23,26,51
1603462818.25,23,26,52
1603462818.28125,23,26,51
1603462818.3125,23,26,52
1603462818.34375,23,26,52
1603462818.375,23,26,51
1603462818.40625,23,26,52
1603462818.4375,23,26,52
1603462818.46875,23,26,52
1603462818.5,23,26,52
1603462818.53125,23,25,52
1603462818.5625,23,26,51
1603462818.59375,23,26,52
1603462818.625,23,26,52
1603462818.65625,23,26,51
1603462818.6875,23,26,51
1603462818.71875,23,26,52
1603462818.75,23,26,52
1603462818.78125,23,26,52
1603462818.8125,23,26,52
1603462818.84375,23,25,51
1603462818.875,23,26,51
1603462818.90625,23,26,52
1603462818.9375,23,26,51
1603462818.96875,23,26,52
1603462819.0,23,26,52
1603462819.03125,23,26,52
1603462819.0625,23,26,52
1603462819.09375,23,25,52
1603462819.125,23,26,52
1603462819.15625,23,26,51
1603462819.1875,23,25,52
1603462819.21875,23,26,51
1603462819.25,23,26,52
1603462819.28125,23,26,52
1603462819.3125,23,26,52
1603462819.34375,23,26,52
1603462819.375,23,26,52
1603462819.40625,23,26,52
1603462819.4375,23,26,51
1603462819.46875,23,26,52
1603462819.5,23,26,52
1603462819.53125,23,26,51
1603462819.5625,23,26,52
1603462819.59375,23,26,52
1603462819.625,23,26,52
1603462819.65625,23,26,52
1603462819.6875,23,26,51
1603462819.71875,23,26,52
1603462819.75,23,26,52
1603462819.78125,23,26,52
1603462819.8125,23,26,52
1603462819.84375,23,26,52
1603462819.875,23,26,52
1603462819.90625,23,26,52
1603462819.9375,23,26,52
1603462819.96875,23,26,52
1603462820.0,23,25,52
1603462820.03125,23,26,52
1603462820.0625,23,26,52
1603462820.09375,23,26,52
1603462820.125,23,26,52
1603462820.15625,23,26,52
1603462820.1875,23,26,52
1603462820.21875,23,26,52
1603462820.25,23,26,52
1603462820.28125,23,26,52
1603462820.3125,23,26,52
1603462820.34375,23,26,51
1603462820.375,23,26,52
1603462820.40625,23,26,52
1603462820.4375,23,26,52
1603462820.46875,23,26,52
1603462820.5,23,26,52
1603462820.53125,23,26,52
1603462820.5625,23,26,52
1603462820.59375,23,25,52
1603462820.625,23,25,51
1603462820.65625,23,26,51
1603462820.6875,23,26,52
1603462820.71875,23,26,52
1603462820.75,23,26,52
1603462820.78125,23,26,52
1603462820.8125,23,26,51
1603462820.84375,23,26,52
1603462820.875,23,26,52
1603462820.90625,23,26,52
1603462820.9375,23,26,52
1603462820.96875,23,26,51
1603462821.0,23,26,52
1603462821.03125,23,26,52
1603462821.0625,23,26,51
1603462821.09375,23,26,52
1603462821.125,23,26,52
1603462821.15625,23,26,52
1603462821.1875,23,26,51
1603462821.21875,23,26,52
1603462821.25,23,26,52
1603462821.28125,23,26,52
1603462821.3125,23,26,52
1603462821.34375,23,26,51
1603462821.375,23,26,52
1603462821.40625,23,26,52
1603462821.4375,23,25,52
1603462821.46875,23,26,52
1603462821.5,23,25,51
1603462821.53125,23,26,52
1603462821.5625,23,26,52
1603462821.59375,23,26,52
1603462821.625,23,26,52
1603462821.65625,23,26,52
1603462821.6875,23,26,52
1603462821.71875,23,26,52
1603462821.75,23,26,52
1603462821.78125,23,26,52
1603462821.8125,23,26,52
1603462821.84375,23,26,52
1603462821.875,23,26,51
1603462821.90625,23,26,52
1603462821.9375,23,26,52
1603462821.96875,23,26,52
1603462822.0,23,25,52
1603462822.03125,23,26,52
1603462822.0625,23,26,51
1603462822.09375,23,26,52
1603462822.125,23,25,51
1603462822.15625,23,26,52
1603462822.1875,23,26,52
1603462822.21875,23,26,51
1603462822.25,23,26,52
1603462822.28125,23,26,52
1603462822.3125,23,26,51
1603462822.34375,23,26,52
1603462822.375,23,26,52
1603462822.40625,23,26,52
1603462822.4375,23,26,51
1603462822.46875,23,25,52
1603462822.5,23,26,52
1603462822.53125,23,26,51
1603462822.5625,23,26,52
1603462822.59375,23,26,51
1603462822.625,23,26,52
1603462822.65625,23,26,52
1603462822.6875,23,26,51
1603462822.71875,23,26,51
1603462822.75,23,26,52
1603462822.78125,23,26,52
1603462822.8125,23,25,52
1603462822.84375,23,26,51
1603462822.875,23,26,52
1603462822.90625,23,26,52
1603462822.9375,23,25,51
1603462822.96875,23,26,52
1603462823.0,23,26,52
1603462823.03125,23,25,52
1603462823.0625,23,26,52
1603462823.09375,23,25,52
1603462823.125,23,26,52
1603462823.15625,23,26,52
1603462823.1875,23,26,52
1603462823.21875,23,26,52
1603462823.25,23,26,52
1603462823.28125,23,25,52
1603462823.3125,23,26,52
1603462823.34375,23,26,52
1603462823.375,23,26,51
1603462823.40625,23,26,52
1603462823.4375,23,26,51
1603462823.46875,23,26,52
1603462823.5,23,26,52
1603462823.53125,23,26,52
1603462823.5625,23,26,51
1603462823.59375,23,26,52
1603462823.625,23,26,52
1603462823.65625,23,26,52
1603462823.6875,23,26,51
1603462823.71875,23,26,52
1603462823.75,23,26,51
1603462823.78125,23,26,51
1603462823.8125,23,26,52
1603462823.84375,23,26,51
1603462823.875,23,26,52
1603462823.90625,23,25,52
1603462823.9375,23,26,52
1603462823.96875,23,26,52
1603462824.0,23,26,52
1603462824.03125,23,26,51
1603462824.0625,23,25,52
1603462824.09375,23,26,52
1603462824.125,23,26,52
1603462824.15625,23,26,51
1603462824.1875,23,26,52
1603462824.21875,23,26,52
1603462824.25,23,26,52
1603462824.28125,23,26,52
1603462824.3125,23,26,51
1603462824.34375,23,26,52
1603462824.375,23,26,52
1603462824.40625,23,26,52
1603462824.4375,23,26,52
1603462824.46875,23,26,52
1603462824.5,23,25,52
1603462824.53125,23,26,52
1603462824.5625,23,26,51
1603462824.59375,23,26,52
1603462824.625,23,26,52
1603462824.65625,23,26,52
1603462824.6875,23,26,52
1603462824.71875,23,25,52
1603462824.75,23,26,52
1603462824.78125,23,26,52
1603462824.8125,23,26,52
1603462824.84375,23,26,52
1603462824.875,23,26,51
1603462824.90625,23,26,52
1603462824.9375,23,26,52
1603462824.96875,23,26,52
1603462825.0,23,25,51
1603462825.03125,23,25,52
1603462825.0625,23,26,52
1603462825.09375,23,26,52
1603462825.125,23,26,52
1603462825.15625,23,26,52
1603462825.1875,23,26,52
1603462825.21875,23,26,52
1603462825.25,23,26,52
1603462825.28125,23,26,52
1603462825.3125,23,26,52
1603462825.34375,23,26,52
1603462825.375,23,26,52
1603462825.40625,23,26,52
1603462825.4375,23,26,52
1603462825.46875,23,26,52
1603462825.5,23,26,52
1603462825.53125,23,26,52
1603462825.5625,23,26,52
1603462825.59375,23,26,52
1603462825.625,23,25,51
1603462825.65625,23,26,51
1603462825.6875,23,26,52
1603462825.71875,23,26,52
1603462825.75,23,25,52
1603462825.78125,23,26,51
1603462825.8125,23,26,51
1603462825.84375,23,26,52
1603462825.875,23,26,51
1603462825.90625,23,25,52
1603462825.9375,23,26,52
1603462825.96875,23,26,52
1603462826.0,23,26,52
1603462826.03125,23,25,51
1603462826.0625,23,26,52
1603462826.09375,23,26,52
1603462826.125,23,26,52
1603462826.15625,23,26,51
1603462826.1875,23,25,52
1603462826.21875,23,25,52
1603462826.25,23,26,52
1603462826.28125,23,26,51
1603462826.3125,23,25,52
1603462826.34375,23,26,52
1603462826.375,23,25,51
1603462826.40625,23,26,52
1603462826.4375,23,26,52
1603462826.46875,24,26,51
1603462826.5,23,26,52
1603462826.53125,23,26,52
1603462826.5625,23,25,52
1603462826.59375,23,26,52
1603462826.625,23,26,52
1603462826.65625,23,26,51
1603462826.6875,23,26,51
1603462826.71875,23,26,52
1603462826.75,23,26,51
1603462826.78125,23,26,52
1603462826.8125,23,26,52
1603462826.84375,23,26,51
1603462826.875,23,25,52
1603462826.90625,23,26,51
1603462826.9375,23,26,52
1603462826.96875,23,26,52
1603462827.0,23,25,51
1603462827.03125,23,26,52
1603462827.0625,23,26,52
1603462827.09375,23,26,52
1603462827.125,23,26,52
1603462827.15625,23,26,52
1603462827.1875,23,26,51
1603462827.21875,23,26,51
1603462827.25,23,26,52
1603462827.28125,23,25,51
1603462827.3125,23,26,52
1603462827.34375,23,26,51
1603462827.375,23,26,51
1603462827.40625,23,26,52
1603462827.4375,23,26,51
1603462827.46875,23,26,52
1603462827.5,23,26,52
1603462827.53125,23,26,52
1603462827.5625,23,26,52
1603462827.59375,23,25,51
1603462827.625,23,26,51
1603462827.65625,23,26,52
1603462827.6875,23,26,52
1603462827.71875,23,26,52
1603462827.75,23,26,51
1603462827.78125,23,26,52
1603462827.8125,23,26,52
1603462827.84375,23,26,51
1603462827.875,23,26,52
1603462827.90625,23,25,52
1603462827.9375,23,26,51
1603462827.96875,23,25,52
1603462828.0,23,26,52
1603462828.03125,23,25,51
1603462828.0625,23,26,52
1603462828.09375,23,26,52
1603462828.125,23,26,52
1603462828.15625,23,26,51
1603462828.1875,23,26,52
1603462828.21875,23,26,52
1603462828.25,23,26,52
1603462828.28125,23,26,52
1603462828.3125,23,26,52
1603462828.34375,23,26,51
1603462828.375,23,25,52
1603462828.40625,23,26,51
1603462828.4375,23,26,52
1603462828.46875,23,26,52
1603462828.5,23,25,52
1603462828.53125,23,26,51
1603462828.5625,23,26,52
1603462828.59375,23,25,51
1603462828.625,23,26,52
1603462828.65625,23,26,52
1603462828.6875,23,26,52
1603462828.71875,23,26,51
1603462828.75,23,26,52
1603462828.78125,23,26,52
1603462828.8125,23,25,52
1603462828.84375,23,26,52
1603462828.875,23,26,52
1603462828.90625,23,26,52
1603462828.9375,23,26,52
1603462828.96875,23,26,51
1603462829.0,23,26,52
1603462829.03125,23,26,52
1603462829.0625,23,26,51
1603462829.09375,23,26,52
1603462829.125,23,26,52
1603462829.15625,23,26,52
1603462829.1875,23,26,51
1603462829.21875,23,26,52
1603462829.25,23,26,51
1603462829.28125,23,26,52
1603462829.3125,23,26,52
1603462829.34375,23,26,52
1603462829.375,23,26,52
1603462829.40625,23,26,52
1603462829.4375,23,26,52
1603462829.46875,24,26,52
1603462829.5,23,26,52
1603462829.53125,23,26,52
1603462829.5625,23,26,51
1603462829.59375,23,26,52
1603462829.625,23,25,52
1603462829.65625,23,26,52
1603462829.6875,23,25,51
1603462829.71875,23,26,51
1603462829.75,23,26,51
1603462829.78125,23,26,51
1603462829.8125,23,26,52
1603462829.84375,23,25,51
1603462829.875,23,25,52
1603462829.90625,23,26,51
1603462829.9375,23,26,52
1603462829.96875,23,26,52
1603462830.0,23,26,52
1603462830.03125,23,26,52
1603462830.0625,23,26,52
1603462830.09375,23,26,51
1603462830.125,23,26,52
1603462830.15625,23,26,51
1603462830.1875,23,26,52
1603462830.21875,23,26,52
1603462830.25,23,25,52
1603462830.28125,23,26,51
1603462830.3125,23,25,52
1603462830.34375,23,26,52
1603462830.375,23,26,52
1603462830.40625,23,26,52
1603462830.4375,23,26,51
1603462830.46875,23,26,51
1603462830.5,23,26,52
1603462830.53125,23,26,51
1603462830.5625,23,25,52
1603462830.59375,23,26,52
1603462830.625,23,26,52
1603462830.65625,23,25,52
1603462830.6875,23,26,52
1603462830.71875,23,26,51
1603462830.75,23,26,52
1603462830.78125,23,25,51
1603462830.8125,23,25,51
1603462830.84375,23,26,52
1603462830.875,23,26,51
1603462830.90625,23,26,52
1603462830.9375,23,26,52
1603462830.96875,23,26,52
1603462831.0,23,26,52
1603462831.03125,23,26,52
1603462831.0625,23,26,52
1603462831.09375,23,26,52
1603462831.125,23,26,52
1603462831.15625,23,26,52
1603462831.1875,23,26,52
1603462831.21875,23,26,52
1603462831.25,23,26,52
1603462831.28125,23,26,52
1603462831.3125,23,25,52
1603462831.34375,23,26,52
1603462831.375,23,26,51
1603462831.40625,23,26,52
1603462831.4375,23,26,52
1603462831.46875,23,26,51
1603462831.5,23,26,52
1603462831.53125,23,26,52
1603462831.5625,23,26,52
1603462831.59375,23,25,52
1603462831.625,23,26,52
1603462831.65625,23,26,52
1603462831.6875,23,26,52
1603462831.71875,23,26,51
1603462831.75,23,25,52
1603462831.78125,23,25,51
1603462831.8125,23,26,52
1603462831.84375,23,26,52
1603462831.875,23,25,52
1603462831.90625,23,26,52
1603462831.9375,23,25,52
1603462831.96875,23,25,51
1603462832.0,23,25,52
1603462832.03125,23,26,52
1603462832.0625,23,26,51
1603462832.09375,23,26,52
1603462832.125,23,26,52
1603462832.15625,23,26,52
1603462832.1875,23,26,52
1603462832.21875,23,25,52
1603462832.25,23,26,51
1603462832.28125,23,25,52
1603462832.3125,23,26,52
1603462832.34375,23,26,52
1603462832.375,23,26,51
1603462832.40625,23,25,51
1603462832.4375,23,26,52
1603462832.46875,23,25,52
1603462832.5,23,25,52
1603462832.53125,24,26,51
1603462832.5625,23,25,52
1603462832.59375,23,26,52
1603462832.625,23,26,51
1603462832.65625,23,25,52
1603462832.6875,23,26,51
1603462832.71875,23,26,52
1603462832.75,23,25,52
1603462832.78125,23,25,51
1603462832.8125,23,25,52
1603462832.84375,23,26,52
1603462832.875,23,26,52
1603462832.90625,23,25,52
1603462832.9375,23,26,52
1603462832.96875,23,25,52
1603462833.0,24,26,52
1603462833.03125,24,25,52
1603462833.0625,23,26,52
1603462833.09375,23,26,52
1603462833.125,23,26,51
1603462833.15625,24,25,52
1603462833.1875,24,26,52
1603462833.21875,23,26,52
1603462833.25,23,26,51
1603462833.28125,23,26,52
1603462833.3125,23,26,52
1603462833.34375,24,26,51
1603462833.375,24,25,52
1603462833.40625,23,25,52
1603462833.4375,24,26,51
1603462833.46875,23,25,52
1603462833.5,23,25,52
1603462833.53125,24,25,52
1603462833.5625,24,25,52
1603462833.59375,23,26,51
1603462833.625,23,26,52
1603462833.65625,23,26,51
1603462833.6875,23,25,52
1603462833.71875,23,26,52
1603462833.75,23,26,52
1603462833.78125,23,26,52
1603462833.8125,23,26,51
1603462833.84375,23,26,52
1603462833.875,24,26,52
1603462833.90625,23,26,52
1603462833.9375,23,26,52
1603462833.96875,24,26,51
1603462834.0,23,26,52
1603462834.03125,23,25,52
1603462834.0625,24,26,52
1603462834.09375,23,26,52
1603462834.125,23,26,52
1603462834.15625,23,26,51
1603462834.1875,23,25,51
1603462834.21875,23,26,51
1603462834.25,23,25,52
1603462834.28125,23,26,52
1603462834.3125,24,25,51
1603462834.34375,23,26,51
1603462834.375,24,25,52
1603462834.40625,23,26,52
1603462834.4375,23,26,51
1603462834.46875,23,25,51
1603462834.5,24,26,52
1603462834.53125,23,26,51
1603462834.5625,23,26,52
1603462834.59375,23,26,52
1603462834.625,23,25,51
1603462834.65625,23,25,51
1603462834.6875,23,25,52
1603462834.71875,23,26,51
1603462834.75,23,26,51
1603462834.78125,24,26,52
1603462834.8125,23,26,52
1603462834.84375,24,26,51
1603462834.875,23,26,51
1603462834.90625,23,26,52
1603462834.9375,24,25,51
1603462834.96875,23,25,51
1603462835.0,24,26,51
1603462835.03125,23,26,52
1603462835.0625,24,26,52
1603462835.09375,23,26,52
1603462835.125,23,26,51
1603462835.15625,23,25,51
1603462835.1875,23,26,52
1603462835.21875,24,26,52
1603462835.25,23,25,51
1603462835.28125,23,26,52
1603462835.3125,23,26,51
1603462835.34375,23,26,52
1603462835.375,23,26,51
1603462835.40625,23,26,51
1603462835.4375,23,26,52
1603462835.46875,23,26,52
1603462835.5,23,26,51
1603462835.53125,23,25,52
1603462835.5625,23,25,52
1603462835.59375,23,26,51
1603462835.625,23,26,52
1603462835.65625,23,25,52
1603462835.6875,23,25,51
1603462835.71875,23,26,52
1603462835.75,23,26,51
1603462835.78125,23,26,51
1603462835.8125,24,26,52
1603462835.84375,23,26,51
1603462835.875,23,26,52
1603462835.90625,23,26,52
1603462835.9375,24,26,52
1603462835.96875,23,26,51
1603462836.0,23,26,52
1603462836.03125,23,26,52
1603462836.0625,23,26,52
1603462836.09375,23,25,51
1603462836.125,23,26,52
1603462836.15625,23,26,51
1603462836.1875,24,25,51
1603462836.21875,23,25,52
1603462836.25,23,26,51
1603462836.28125,23,26,51
1603462836.3125,23,26,52
1603462836.34375,23,26,51
1603462836.375,23,25,52
1603462836.40625,23,26,51
1603462836.4375,23,26,51
1603462836.46875,23,26,51
1603462836.5,23,25,51
1603462836.53125,23,25,51
1603462836.5625,23,25,52
1603462836.59375,23,25,52
1603462836.625,23,26,51
1603462836.65625,23,26,51
1603462836.6875,23,25,52
1603462836.71875,23,26,51
1603462836.75,23,26,52
1603462836.78125,23,26,52
1603462836.8125,23,25,51
1603462836.84375,23,26,52
1603462836.875,23,25,52
1603462836.90625,24,25,51
1603462836.9375,24,26,51
1603462836.96875,23,26,52
1603462837.0,23,26,51
1603462837.03125,23,25,51
1603462837.0625,23,25,52
1603462837.09375,24,26,52
1603462837.125,23,26,52
1603462837.15625,23,25,52
1603462837.1875,23,25,52
1603462837.21875,24,26,51
1603462837.25,23,25,52
1603462837.28125,23,26,51
1603462837.3125,24,25,51
1603462837.34375,23,26,51
1603462837.375,23,26,52
1603462837.40625,23,26,52
1603462837.4375,23,25,51
1603462837.46875,23,26,52
1603462837.5,23,26,52
1603462837.53125,23,26,52
1603462837.5625,23,26,51
1603462837.59375,23,26,51
1603462837.625,23,26,51
1603462837.65625,23,26,52
1603462837.6875,23,26,52
1603462837.71875,23,26,51
1603462837.75,23,26,51
1603462837.78125,23,26,51
1603462837.8125,23,25,51
1603462837.84375,23,26,52
1603462837.875,24,26,52
1603462837.90625,23,26,52
1603462837.9375,23,26,52
1603462837.96875,23,25,51
1603462838.0,23,26,51
1603462838.03125,23,26,52
1603462838.0625,24,26,52
1603462838.09375,24,26,51
1603462838.125,23,25,51
1603462838.15625,24,25,51
1603462838.1875,23,26,52
1603462838.21875,23,26,52
1603462838.25,23,26,51
1603462838.28125,23,26,52
1603462838.3125,24,26,51
1603462838.34375,24,26,52
1603462838.375,23,25,51
1603462838.40625,24,25,52
1603462838.4375,23,26,52
1603462838.46875,23,26,52
1603462838.5,23,26,52
1603462838.53125,24,26,52
1603462838.5625,23,26,51
1603462838.59375,23,26,52
1603462838.625,23,26,52
1603462838.65625,23,26,52
1603462838.6875,24,26,52
1603462838.71875,23,26,52
1603462838.75,23,26,52
1603462838.78125,23,26,51
1603462838.8125,24,26,52
1603462838.84375,24,26,52
1603462838.875,23,26,52
1603462838.90625,24,26,51
1603462838.9375,23,25,51
1603462838.96875,23,26,52
1603462839.0,23,26,51
1603462839.03125,23,25,51
1603462839.0625,23,26,51
1603462839.09375,24,26,51
1603462839.125,23,26,52
1603462839.15625,23,26,52
1603462839.1875,24,26,51
1603462839.21875,23,26,51
1603462839.25,24,26,51
1603462839.28125,23,26,51
1603462839.3125,23,25,51
1603462839.34375,23,25,52
1603462839.375,23,26,51
1603462839.40625,23,25,51
1603462839.4375,23,26,52
1603462839.46875,24,25,51
1603462839.5,23,25,52
1603462839.53125,23,26,52
1603462839.5625,24,26,51
1603462839.59375,23,26,52
1603462839.625,24,26,52
1603462839.65625,23,25,52
1603462839.6875,24,26,52
1603462839.71875,24,25,52
1603462839.75,23,26,51
1603462839.78125,24,26,51
1603462839.8125,24,25,52
1603462839.84375,23,25,51
1603462839.875,24,26,52
1603462839.90625,24,25,52
1603462839.9375,23,26,51
1603462839.96875,24,25,51
1603462840.0,23,26,51
1603462840.03125,23,26,52
1603462840.0625,23,26,51
1603462840.09375,24,26,51
1603462840.125,23,26,52
1603462840.15625,23,26,52
1603462840.1875,24,26,52
1603462840.21875,24,26,52
1603462840.25,23,26,51
1603462840.28125,24,26,51
1603462840.3125,23,26,52
1603462840.34375,23,26,52
1603462840.375,23,25,51
1603462840.40625,23,26,52
1603462840.4375,23,26,52
1603462840.46875,23,26,51
1603462840.5,24,25,52
1603462840.53125,23,26,51
1603462840.5625,24,26,51
1603462840.59375,24,26,51
1603462840.625,23,26,52
1603462840.65625,23,25,52
1603462840.6875,23,25,51
1603462840.71875,24,26,51
1603462840.75,23,26,51
1603462840.78125,23,25,51
1603462840.8125,24,26,52
1603462840.84375,23,26,51
1603462840.875,23,26,51
1603462840.90625,24,26,52
1603462840.9375,23,25,51
1603462840.96875,23,25,52
1603462841.0,23,26,51
1603462841.03125,23,26,52
1603462841.0625,23,26,51
1603462841.09375,24,26,52
1603462841.125,23,26,51
1603462841.15625,23,26,51
1603462841.1875,23,25,52
1603462841.21875,23,26,52
1603462841.25,23,25,52
1603462841.28125,24,26,52
1603462841.3125,23,25,52
1603462841.34375,24,25,51
1603462841.375,24,25,52
1603462841.40625,23,26,51
1603462841.4375,23,26,52
1603462841.46875,23,25,52
1603462841.5,23,26,51
1603462841.53125,23,26,51
1603462841.5625,23,26,52
1603462841.59375,23,25,51
1603462841.625,23,25,51
1603462841.65625,23,26,51
1603462841.6875,23,26,52
1603462841.71875,23,26,52
1603462841.75,23,25,52
1603462841.78125,23,25,51
1603462841.8125,23,26,51
1603462841.84375,23,26,52
1603462841.875,23,25,52
1603462841.90625,23,26,52
1603462841.9375,23,25,52
1603462841.96875,24,25,52
1603462842.0,23,26,51
