pupil_timestamp,confidence,diameter
1601452065.7433407,0.9321113117745058,42.771342715525634
1601452065.7514098,0.9170323283710616,43.374724155577105
1601452065.7594788,0.903237941634033,43.29719253561586
1601452065.7675476,0.9944958020429658,43.41638441455573
1601452065.775617,0.9066157539939176,43.399564341051075
1601452065.7836854,0.934044236536738,43.375963145747775
1601452065.7917547,0.8814503395682529,43.41266370527907
1601452065.7998238,0.9817892030239952,43.41699318513451
1601452065.8078928,0.918921100360634,43.37867170132984
1601452065.8159618,0.8891901056708801,43.303716678955496
1601452065.8240306,0.9934955121307684,43.36503394331656
1601452065.8320994,0.9988498756460288,43.40063227417243
1601452065.8401687,0.9464607155084492,43.43734414222125
1601452065.8482378,0.9535433760666184,43.43100630345027
1601452065.8563068,0.8874999796683979,43.36633574044405
1601452065.8643758,0.8721749781481145,43.32920180334116
1601452065.8724446,0.9163849883486116,43.2953423096766
1601452065.8805134,0.9014211174295041,43.315380780391685
1601452065.8885827,0.955917591667818,43.30341016106845
1601452065.8966515,0.9107747902915344,43.271980248957995
1601452065.9047208,0.9598909769256678,43.266356048780736
1601452065.9127898,0.9818182481903232,43.2378932635819
1601452065.9208589,0.862636586428723,43.12471901756296
1601452065.928928,0.8924291045148348,43.222558052030074
1601452065.9369967,0.9825577348210902,43.20863345354864
1601452065.9450655,0.951714567854034,43.140787527284296
1601452065.9531348,0.9414151316069308,43.06261127627106
1601452065.9612038,0.9796811150525092,43.21025229239906
1601452065.9692726,0.8554072453673199,43.059996277156436
1601452065.977342,0.9451497826354488,43.22601396474188
1601452065.9854107,0.8897661882405854,43.1074691436883
1601452065.9934807,0.9584427047101804,43.21407578365688
1601452066.0015495,0.9341414597921224,43.431081968089636
1601452066.0096188,0.8224186027715483,43.234927113001824
1601452066.0176878,0.8956727603894451,43.26828682331227
1601452066.0257568,0.9648733200068412,43.17283996184883
1601452066.0338259,0.9718933808567484,43.2497223076727
1601452066.0418947,0.9342489983042174,43.20045261724857
1601452066.0499635,0.9199021674578876,43.1147544685753
1601452066.0580328,0.8952282579203894,43.22185706741681
1601452066.0661018,0.8839632609763589,43.19464877771903
1601452066.0741706,0.9991215581850632,43.240717451054586
1601452066.08224,0.8943658468376128,43.268265814569595
1601452066.090309,0.9266621566240624,42.8912991577845
1601452066.0983775,0.8868102567576324,43.070241350935746
1601452066.1064467,0.8532658685932066,42.86208635402511
1601452066.1145158,0.6404594750425967,32.20823990973345
1601452066.1306539,0.6257678248628522,40.93588946173313
1601452066.1387231,0.7432079534053175,39.676844696198636
1601452066.1790679,0.7508899277352422,40.34888253198308
1601452066.187137,0.6273123510825807,40.309094938240975
1601452066.2032747,0.6323892094602084,41.59201995630549
1601452066.2113438,0.7788657575052267,40.560536112671656
1601452066.2194128,0.7365341781658391,42.31197248187401
1601452066.2274818,0.7284337558081835,41.88911997964336
1601452066.2355509,0.7485929158407707,42.119335838788345
1601452066.2436194,0.6982365625571175,42.46437432110305
1601452066.2516887,0.7833747365146421,42.758855090748504
1601452066.2597578,0.7788236609387886,42.77907593678226
1601452066.2678268,0.8273571914233409,42.99241357867113
1601452066.2758956,0.8777248759027232,43.06476276307373
1601452066.2839649,0.8894945586204301,42.810458573431795
1601452066.2920337,0.9469640716037014,42.867928167078304
1601452066.3001027,0.9216941937847642,43.18839115702343
1601452066.3081727,0.8802647777875174,43.35021549239876
1601452066.3162415,0.9409144145072064,43.495940233091176
1601452066.3243108,0.9662740847087482,43.652665586856784
1601452066.3323796,0.8562716058934149,43.64737923996437
1601452066.3404489,0.8811298674520166,43.91796795136756
1601452066.348518,0.8854171421567141,43.739023745512654
1601452066.3565867,0.8056000465769919,43.596889662062594
1601452066.3646555,0.8180797213948121,43.80349816171045
1601452066.3727248,0.8599166977546957,43.877142789856414
1601452066.3807938,0.8312040986784002,44.01062129864253
1601452066.3888626,0.8706187219595612,44.225885027966434
1601452066.3969321,0.8773447540404377,44.165623981650675
1601452066.4050007,0.7545466044707797,44.17515913866981
1601452066.4130695,0.9274614498131216,44.1324721539765
1601452066.4211388,0.8163639340906997,44.315124824917014
1601452066.4292078,0.9111499278404732,44.33668368226042
1601452066.4372768,0.898361476071498,44.35576675547
1601452066.445346,0.844963220460848,44.3816594258383
1601452066.453415,0.9262351038795876,44.42955703028511
1601452066.4614835,0.8842572051075649,44.41203525025848
1601452066.4695528,0.8783097819851863,44.50140929523501
1601452066.4776218,0.8733959751886158,44.57792119179612
1601452066.4856908,0.8881052441716748,44.600473234081115
1601452066.4937599,0.8678689697615727,44.62268108387178
1601452066.5018287,0.8433350720134742,44.58541982759461
1601452066.5098975,0.7891670316012828,44.59104105112631
1601452066.5179667,0.8506152014014501,44.68571563565053
1601452066.5260358,0.8515197865930587,44.64953007915192
1601452066.5341046,0.9411784808340524,44.7313025877843
1601452066.542174,0.8738189327455721,44.81839165111744
1601452066.5502427,0.9055573038466106,44.81773572117157
1601452066.5583115,0.9167949677933356,44.891787791574366
1601452066.5663807,0.8334424501738962,44.91166449954331
1601452066.5744498,0.8893073341367702,45.001788323917
1601452066.5825188,0.8185332666818272,45.01151128539746
1601452066.590588,0.8798319615387935,45.10011476247889
1601452066.5986571,0.927055934354592,45.036693219438035
1601452066.6067257,0.8289127854999201,45.09596171580932
1601452066.6147947,0.7906970918206085,45.129379476444406
1601452066.6228638,0.9281087905546004,45.110477201130955
1601452066.6309338,0.8403725184148005,44.95094552820877
1601452066.6390028,0.8263205695724926,44.96138000419543
1601452066.6470716,0.8901447937942565,44.83186206860361
1601452066.6551409,0.9207959036168568,44.57852916083417
1601452066.6632097,0.9194244490557762,44.84749011502605
1601452066.6712787,0.8898037025516216,44.68986242391573
1601452066.6793478,0.8324393877288899,44.789262863392466
1601452066.6874168,0.8890198120040171,44.810310975145455
1601452066.6954858,0.8621264597023824,44.6485496402038
1601452066.7035546,0.8488362916176085,44.8546785894462
1601452066.7116234,0.8714411782451529,44.73664629388385
1601452066.7196927,0.955751749151172,44.76250076027441
1601452066.7277615,0.8658303268693548,44.677484296049826
1601452066.7358305,0.8203025481197099,44.58205376243498
1601452066.7438998,0.9043103246974008,44.72958683019543
1601452066.7519689,0.8743055959707263,44.687946351717365
1601452066.7600381,0.8725162191745853,44.44695866558285
1601452066.768107,0.8573758731557881,44.49417494485952
1601452066.7761755,0.8690674620143617,44.60471879504608
1601452066.7842448,0.9328812390127436,44.39720990796218
1601452066.7923136,0.8948770898578947,44.39721892111347
1601452066.8003829,0.9240688568992776,44.29113012122571
1601452066.808452,0.8688054155371141,44.146280180870114
1601452066.8165207,0.890303761550921,44.285011255995315
1601452066.8245895,0.8588165726021625,44.24555303406196
1601452066.8326588,0.8574340222424844,44.24054999754965
1601452066.8407278,0.8107787702068014,44.15886342744349
1601452066.8487966,0.9026502962061224,44.143234390993435
1601452066.8568661,0.8236042867976398,44.06780657528296
1601452066.8649347,0.8241707244346326,44.05672442044232
1601452066.8730035,0.8668327180599522,43.96716926909111
1601452066.8810728,0.8405631175526049,43.975331189629095
1601452066.8891418,0.7999692216057044,43.821524353557386
1601452066.8972108,0.904025561596256,43.824060626919795
1601452066.90528,0.8101725014648146,43.83727607616482
1601452066.913349,0.8760991547092805,43.815537460831614
1601452066.9214175,0.845028859062448,43.73781114122669
1601452066.9294868,0.7672510228308779,43.650627961166016
1601452066.9375556,0.8384466401062199,43.586977233438475
1601452066.9456248,0.7954705269698644,43.532255758417065
1601452066.9536948,0.7994020299540778,43.49855706221211
1601452066.961764,0.8460340272924366,43.478713912192624
1601452066.969833,0.8514285547340362,43.475215751568506
1601452066.9779015,0.8274684259320692,43.29828473966747
1601452066.9859707,0.7823491485692727,43.287137060601225
1601452066.9940398,0.8503205091557937,43.189168488856815
1601452067.0021088,0.8286811872461683,43.18918821524961
1601452067.0101779,0.7165894221508312,43.030322331184045
1601452067.0182471,0.9081721990578221,42.97000724566711
1601452067.0263155,0.8147213669592284,43.027428962182455
1601452067.0343847,0.8598905606092831,43.030203531014244
1601452067.0424538,0.8573520325864717,43.01080086009508
1601452067.0505226,0.8622880860472909,42.864379228871066
1601452067.0585918,0.8809648790510912,42.75030657808957
1601452067.066661,0.8160404140231556,42.7903009026739
1601452067.0747294,0.7933891414727582,42.82114805061197
1601452067.0827987,0.8048290100193397,42.77267864919047
1601452067.0908678,0.8858022650541336,42.69509378716487
1601452067.0989368,0.8764457799384169,42.63015599722736
1601452067.1070056,0.8643505244019769,42.73217107256646
1601452067.1150749,0.8635925843843444,42.7330337012429
1601452067.1231437,0.944334607341592,42.71102963903258
1601452067.1312127,0.8654049274388246,42.69504052762618
1601452067.1392815,0.8944729333907823,42.68927340362313
1601452067.1473508,0.8729488127863411,42.640236382904355
1601452067.1554198,0.8894604657014222,42.56225655183361
1601452067.1634886,0.948281059068032,42.79923689797069
1601452067.1715574,0.8703865100662258,42.67860663717312
1601452067.1796267,0.8440135032158962,42.683958876479295
1601452067.1876955,0.8529514995685216,42.739174865472975
1601452067.1957648,0.9147808131543436,42.74963634932367
1601452067.2038338,0.8763306083542255,42.70166287244303
1601452067.2119026,0.942876891502543,42.702668259504364
1601452067.2199721,0.890912139194237,42.806529126843145
1601452067.228041,0.9023501786321212,42.773704343329456
1601452067.2361095,0.9151700787307152,42.79067213124701
1601452067.2441788,0.8633139817439114,42.563726250300064
1601452067.2522476,0.8484552607640126,42.72881658219104
1601452067.2603168,0.8667658875540442,42.820736883278464
1601452067.268386,0.9181926132866473,42.80202468399817
1601452067.276456,0.906297507627604,42.88588840299782
1601452067.284525,0.8477082044584769,42.91359207440904
1601452067.2925935,0.902694168995858,42.769848767199015
1601452067.3006628,0.8828543271462084,42.87622242559371
1601452067.3087318,0.9355402677773744,42.76529941998793
1601452067.3168008,0.8549890706248683,42.774735827401244
1601452067.3248699,0.8264147350599433,42.75344919999007
1601452067.3329387,0.9046227900320312,42.66711547851918
1601452067.3410075,0.9066937112943694,42.68868845583615
1601452067.3490767,0.85373199917701,42.84030290151939
1601452067.3571458,0.9021937025544045,42.81948914761335
1601452067.3652148,0.9329165875072656,42.641686574491075
1601452067.373284,0.8811972521867628,42.7281956535202
1601452067.3813527,0.8542014341251104,42.69378868374283
1601452067.3894215,0.8524853773415089,42.64755865297898
1601452067.3974907,0.91662212475924,42.650388718731755
1601452067.4055598,0.8953910931175642,42.605663477250864
1601452067.4136288,0.8502176049639809,42.47471317540099
1601452067.421698,0.8989160648010087,42.51506161291513
1601452067.429767,0.917265761922066,42.567242967387905
1601452067.4378355,0.9085694625054894,42.4741452343853
1601452067.4459047,0.8946071146324197,42.55714350404927
1601452067.4539738,0.8960682262018647,42.519357270173714
1601452067.4620428,0.9454268823149048,42.52507126031619
1601452067.4701116,0.909941185784421,42.47062884958759
1601452067.4781811,0.8475638709910572,42.43944116081972
1601452067.4862494,0.851553416897078,42.48926118594152
1601452067.4943187,0.9278057052877748,42.409289127076654
1601452067.5023878,0.9554667904920112,42.41974802609563
1601452067.5104568,0.9086183777350186,42.46937208024414
1601452067.5185258,0.913859595383605,42.41304638553859
1601452067.5265946,0.9364678534204092,42.49987643440737
1601452067.5346634,0.9318337580059108,42.453699955416106
1601452067.5427327,0.9008058905266796,42.42275571757504
1601452067.5508018,0.8735911128011787,42.48336838570349
1601452067.5588708,0.9072869049832819,42.65447800156254
1601452067.5669398,0.8377361025920229,42.46694693944089
1601452067.5750089,0.8945673575686502,42.57576496323176
1601452067.5830774,0.9079202153674568,42.38926322267246
1601452067.5911467,0.8942191762585978,42.441424603167036
1601452067.5992155,0.8981663491149838,42.51564918803162
1601452067.6072855,0.9527405711193936,42.52888633619786
1601452067.6153548,0.8664996873623539,42.603811898301466
1601452067.6234238,0.9350228384097616,42.599979040165906
1601452067.6314929,0.8971799044695214,42.72015668531193
1601452067.639562,0.8794388529672316,42.587883127636864
1601452067.6476307,0.933626806738038,42.568390722239926
1601452067.6556995,0.8847611559173107,42.743529416518314
1601452067.6637688,0.8266295301496324,42.6322601448628
1601452067.6718378,0.8729053237509289,42.830367125331456
1601452067.6799068,0.9227395760263116,42.56195691305719
1601452067.687976,0.8596878837957466,42.8475840138082
1601452067.6960447,0.9272829459033948,42.58829725918696
1601452067.7041135,0.9342106000102792,42.806535023780924
1601452067.7121828,0.8694008734436075,42.899757468466184
1601452067.7202518,0.8881083502628206,42.78047837518234
1601452067.7283206,0.9109738629521648,43.004383033413035
1601452067.73639,0.9302240134372496,42.960292419329065
1601452067.7444587,0.8553495410947323,42.711631640605454
1601452067.7525275,0.9024190470131904,42.785726998715305
1601452067.7605968,0.8521089726751697,42.7818884859591
1601452067.7686658,0.8671502280727471,42.82337831240894
1601452067.7767348,0.7963174674874552,42.97173196333133
1601452067.7848039,0.8962077215271042,42.900394781286174
1601452067.7928727,0.9132120712822074,43.05125064287394
1601452067.8009415,0.8583558948688839,42.95765656731741
1601452067.8090107,0.8744804557511774,42.87694137255981
1601452067.8170798,0.8705486081566245,42.87690836964777
1601452067.8251488,0.8228670055463366,42.99331264153891
1601452067.8332179,0.8963355298596681,43.014381541997565
1601452067.841287,0.9092360312307316,42.927407426075256
1601452067.8493555,0.8749112588910211,42.940751551245754
1601452067.8574247,0.8584977424324637,42.91721712690065
1601452067.8654938,0.8407820069898535,43.05524929479927
1601452067.8735628,0.8722547113161482,43.093735495083024
1601452067.881632,0.9476769161604058,42.96819269120713
1601452067.889701,0.8733985357755367,43.14917540081229
1601452067.8977695,0.902987175500752,43.39057613365036
1601452067.9058387,0.9437591915378459,43.25176175324656
1601452067.9139078,0.9228695689498077,43.17915736251315
1601452067.9219778,0.9370805909400696,43.324092191890756
1601452067.9300468,0.9222731785043948,43.28116918725515
1601452067.9381158,0.9133760108435864,43.17039489426508
1601452067.9461849,0.9164705234058648,43.14511876022981
1601452067.9542534,0.8132949990191934,43.42303667317571
1601452067.9623227,0.9085167986758236,43.316469652113355
1601452067.9703918,0.8191292814865931,43.29692915536282
1601452067.9784608,0.8635879745304373,43.16869219068903
1601452067.9865296,0.9306751272360508,43.29585094887738
1601452067.9945989,0.9997870320993848,43.397450700402906
1601452068.0026677,0.9436098382419328,43.54161819439846
1601452068.0107367,0.919317304562792,43.41407955775071
1601452068.0188055,0.9305619802505792,43.47678721288979
1601452068.0268748,0.945429274417693,43.65452827220003
1601452068.0349438,0.9264813055537008,43.48231994492871
1601452068.0430126,0.9260876521646394,43.585298464102316
1601452068.0510821,0.9796736129954496,43.66156671372856
1601452068.0591507,0.9176415221999402,43.66284000666891
1601452068.0672195,0.9267955187242478,43.50065609814887
1601452068.0752888,0.99738234788765,43.68290959147443
1601452068.0833578,0.912935042232019,43.54708657311257
1601452068.0914268,0.9025955924708874,43.61464643526666
1601452068.0994961,0.9135381664477521,43.488544876702576
1601452068.107565,0.8863694738580271,43.65968068893234
1601452068.1156335,0.9088320047944364,43.61932865987713
1601452068.1237028,0.9429334964387268,43.712461792731645
1601452068.1317716,0.9127826245844712,43.81058389450156
1601452068.1398408,0.9205132341347744,43.79694616262209
1601452068.1479099,0.9044883713728372,43.72894930573902
1601452068.1559787,0.9603093609075546,43.78814813229749
1601452068.1640475,0.9226209403013466,43.712842255621815
1601452068.1721168,0.8622493818525901,43.76598155641437
1601452068.1801858,0.8826989946220644,43.887243158225466
1601452068.1882546,0.8390167083728373,43.952032720170706
1601452068.196324,0.8617531103870572,44.01502961376668
1601452068.2043927,0.8860938178452223,43.74063303369059
1601452068.2124615,0.8567889623563663,44.00414636129615
1601452068.2205307,0.7677072048447504,44.100063848756704
1601452068.2285998,0.960281346536102,43.94530267435338
1601452068.2366688,0.8151119939082687,44.15281220264799
1601452068.2447386,0.8964025737761069,44.13132805278775
1601452068.252808,0.8782861091055761,44.15660100212582
1601452068.260877,0.8200186137749655,44.16461541395588
1601452068.2689455,0.9313941372342766,44.240838524394825
1601452068.2770147,0.8635439213354001,44.293536712308224
1601452068.2850838,0.9520900043947764,44.273031231278324
1601452068.2931528,0.9253832564584265,44.356037800603964
1601452068.3012216,0.7799774345939582,44.28574905442986
1601452068.3092911,0.8511869687452783,44.420955319728336
1601452068.3173597,0.9430121041822616,44.464987286753534
1601452068.3254287,0.838801707501213,44.537257255645244
1601452068.3334978,0.8979716561487595,44.461589800696935
1601452068.3415668,0.8677624510038799,44.41714033015636
1601452068.3496358,0.8883565812430468,44.45031620162469
1601452068.3577046,0.9286519691820108,44.51190559254259
1601452068.3657734,0.8713769728668919,44.52785223407219
1601452068.3738427,0.9390082060001452,44.557181413063404
1601452068.3819118,0.8927716633040337,44.512823301113905
1601452068.3899806,0.8460210660032503,44.365682340502644
1601452068.3980498,0.8232554835696179,44.416119299382665
1601452068.4061186,0.8984491433378143,44.3368256914646
1601452068.4141874,0.7633165648357707,44.46167068405513
1601452068.422257,0.8310574464804459,44.62674709182974
1601452068.4303255,0.9107449209299108,44.56840784585309
1601452068.4383948,0.8205331604174521,44.5304744279246
1601452068.4464636,0.9058205823501948,44.573230302422026
1601452068.4545329,0.9059673045647548,44.53725270844584
1601452068.462602,0.8486930743561878,44.57946303916547
1601452068.4706707,0.8835056123177327,44.66987087535357
1601452068.4787395,0.8949429451465731,44.795377045509746
1601452068.4868088,0.8802360773398683,44.526159033645385
1601452068.4948778,0.8239035714048258,44.60216141786811
1601452068.5029466,0.8815661259945996,44.60676678929189
1601452068.5110161,0.9167826613181216,44.60061921256045
1601452068.5190847,0.8539933561895514,44.651439286583454
1601452068.5271535,0.9317601950700576,44.513280264951675
1601452068.5352228,0.8593990504741669,44.43259977880313
1601452068.5432918,0.8554472915345708,44.53498227539581
1601452068.5513608,0.8558766819017157,44.53052078741288
1601452068.5594301,0.9200707816661658,44.522244501202316
1601452068.5675,0.7703942269821288,44.54163052684355
1601452068.5755687,0.8460686094831328,44.5651086557506
1601452068.5836375,0.8464303672383896,44.47106191529951
1601452068.5917068,0.8761032263241004,44.45242122346617
1601452068.5997758,0.8863175852328696,44.29586100276186
1601452068.6078448,0.906198821683057,44.34332255049351
1601452068.615914,0.9171903054996592,44.44817017677349
1601452068.623983,0.9500431138685732,44.463045425158185
1601452068.6320515,0.9195477026398121,44.45071059672031
1601452068.6401207,0.8294807250808269,44.418777917905686
1601452068.6481898,0.9447340681034426,44.28219893832882
1601452068.6562588,0.9180906410681904,44.26062425536242
1601452068.6643279,0.8976110671780224,44.212838964460076
1601452068.6723971,0.8643187120171248,44.18574179551811
1601452068.6804655,0.9000244543270723,44.169043104843595
1601452068.6885347,0.8765180177690303,43.97438733509124
1601452068.6966038,0.8586619729470045,43.904124588407385
1601452068.7046726,0.8389974938173274,44.00433602017424
1601452068.712742,0.7706279385286772,43.86908387120967
1601452068.720811,0.9503693544679158,43.86696011997922
1601452068.7288795,0.9220623855944724,43.86763488586176
1601452068.7369487,0.9417741315034522,43.88879463000504
1601452068.7450178,0.8841312673425754,43.98842520557015
1601452068.7530868,0.9388079313261822,43.95205432104179
1601452068.7611556,0.8690026003993659,43.884959764978476
1601452068.769225,0.9027039022838012,43.76701625740098
1601452068.7772934,0.9260591644900596,43.755690652331346
1601452068.7853627,0.8516039289897129,43.71350544409299
1601452068.7934318,0.8808679905464397,43.71666820235751
1601452068.8015008,0.9140945237613636,43.71132343803553
1601452068.8095698,0.8902533354835199,43.669064979283945
1601452068.8176386,0.8102582274929528,43.64759567329949
1601452068.8257074,0.950150624071675,43.465138413426075
1601452068.8337767,0.9256174777790558,43.405886975546856
1601452068.8418458,0.9126639684945558,43.4802811343971
1601452068.8499148,0.9928355284558034,43.44533950402893
1601452068.8579838,0.9355441844963972,43.32255553679194
1601452068.8660526,0.8949832689984435,43.3779677099905
1601452068.8741214,0.9558527753759284,43.232520199922675
1601452068.8821907,0.9266418338211388,43.179993600972026
1601452068.8902607,0.9681296350567896,43.12451100125433
1601452068.8983295,0.9442414863515222,43.153059207914055
1601452068.9063988,0.98574510771129,43.151673493760306
1601452068.9144678,0.9237404891839756,42.87556811242968
1601452068.9225366,0.9277334952024108,42.979787699453496
1601452068.9306061,0.9548472255800928,42.89124811396426
1601452068.9386747,0.9493917229322396,42.960466820007056
1601452068.9467435,0.9293362702270082,42.84838330878519
1601452068.9548128,0.9038952079828592,42.80781776773448
1601452068.9628818,0.9363551909580116,42.91953280673642
1601452068.9709508,0.9195578492858604,42.75520024130333
1601452068.9790199,0.9855631781386688,42.89806234296202
1601452068.9870887,0.9320955234579742,42.973189288033744
1601452068.9951575,0.9082717885167548,42.76173943360337
1601452069.0032268,0.8851373959332405,42.73294372038025
1601452069.0112958,0.9955768078326508,42.853843174087466
1601452069.0193648,0.965030904753972,42.724262975573026
1601452069.0274339,0.9741053255297316,42.73438871778553
1601452069.0355027,0.9508650826341885,42.711312119529644
1601452069.0435715,0.9618930517085368,42.69738668688698
1601452069.0516407,0.9632868499294112,42.314656505405274
1601452069.0597098,0.8579914473294932,42.44242901556128
1601452069.0677788,0.7959557600390774,42.160622659778475
1601452069.075848,0.7656294937198674,42.07978049789932
1601452069.083917,0.6944117103137349,42.485268014241015
1601452069.1081238,0.6535203917614147,39.87262195922466
1601452069.1161928,0.6067881401055909,32.26493999383795
1601452069.1403995,0.6277320643008638,39.230549827954285
1601452069.1484687,0.6886779288349272,39.70153683924429
1601452069.1565378,0.7701425557822331,39.86617955073554
1601452069.1646068,0.7566030363086611,32.161587475930794
1601452069.1726758,0.7851526117890706,32.071364248052156
1601452069.180745,0.7646751421121197,31.980075642367627
1601452069.1888134,0.7563247572725232,41.77765186380666
1601452069.1968827,0.9288934831405028,41.70410789092175
1601452069.2049518,0.8423467795861181,41.79020225008738
1601452069.2130208,0.9732341468534812,41.85639196884728
1601452069.2210908,0.9717029502379156,42.45538161764914
1601452069.2291598,0.8416774912175604,42.68255806844757
1601452069.2372286,0.8160248867496375,42.60797833988156
1601452069.2452974,0.9124861619209343,42.866793486454746
1601452069.2533667,0.9327947285343646,42.88350232250691
1601452069.2614355,0.8455752604202924,42.82701907646255
1601452069.2695048,0.8965077233348637,43.145229719828606
1601452069.2775738,0.9196588940128376,43.054833629590476
1601452069.2856429,0.8246957522435406,43.21676981012891
1601452069.293712,0.8470872315503795,42.91933281053622
1601452069.3017807,0.8762448234399668,43.047525720658356
1601452069.3098495,0.7958492932617861,43.186426678483095
1601452069.3179188,0.9250194560729352,43.152088881024646
1601452069.3259876,0.8533785181331794,43.180790995899905
1601452069.3340569,0.9343176736087679,43.28207659811936
1601452069.342126,0.9301748749561284,43.32492618573196
1601452069.3501947,0.8783676843488256,43.426604053600094
1601452069.3582635,0.8863363082483582,43.278797690083074
1601452069.3663328,0.8761906912041407,43.38101485221787
1601452069.3744018,0.8949345657853379,43.53456932366728
1601452069.3824706,0.8709328815217912,43.60093385628662
1601452069.3905401,0.8619074132926423,43.66083605458198
1601452069.3986087,0.8992558593152334,43.60218105241828
1601452069.4066775,0.7757276748941675,43.76483612386213
1601452069.4147468,0.8327684972994395,43.995401351906146
1601452069.4228158,0.8940234558671248,43.9426226528697
1601452069.4308848,0.9177511243273307,44.09031970986108
1601452069.4389539,0.9174158136385842,44.12730616543504
1601452069.4470227,0.8965208237607705,44.23473587931639
1601452069.4550915,0.9360812065079056,44.24202485125973
1601452069.4631608,0.8701412541860396,44.483200643947065
1601452069.4712298,0.8561673027412565,44.21812504258274
1601452069.4792988,0.8881051352942344,44.41670266801084
1601452069.4873679,0.9410031492137728,44.388126149325025
1601452069.4954367,0.9496986473821636,44.56657125342177
1601452069.5035055,0.8778306888567708,44.60131012824939
1601452069.5115747,0.8127473230230151,44.67592210198828
1601452069.5196438,0.8875838759357728,44.61247715101315
1601452069.5277126,0.9016584676281896,44.872001546926
1601452069.5357828,0.8708012719293778,44.73231905790309
1601452069.5438519,0.8946004823431345,44.80585924077428
1601452069.5519211,0.8987443448659364,44.9182887728041
1601452069.5599895,0.9295871691017554,44.95904631773622
1601452069.5680587,0.9257575800769556,45.00224498662093
1601452069.5761278,0.8860087093844006,44.80284111202178
1601452069.5841966,0.8759051745824119,44.86016350551898
1601452069.5922658,0.9495474482386252,44.76962544287141
1601452069.600335,0.9330633520815288,44.9064759244288
1601452069.6084034,0.9024587103862424,44.90517024457434
1601452069.6164727,0.9040138521440456,45.0313597167684
1601452069.6245418,0.8263358455492752,44.96648484699458
1601452069.6326108,0.9178243396308342,44.8439577372097
1601452069.6406796,0.8797007403939966,44.889075829890096
1601452069.6487489,0.8563213862678773,44.87508242501862
1601452069.6568177,0.910703323807768,44.78390842769819
1601452069.6648867,0.9441018956008632,44.719646455517214
1601452069.6729558,0.9259364311700372,44.62650907189489
1601452069.6810248,0.8818839292118356,44.45093725631258
1601452069.6890938,0.8289040805758707,44.51455680431412
1601452069.6971626,0.8774029457063388,44.283219224074585
1601452069.7052314,0.9025515332607288,44.068723736518365
1601452069.7133007,0.9559472102450056,43.97740642843482
1601452069.7213695,0.8549154688833586,43.95741741465669
1601452069.7294388,0.968519205125662,43.796074982536965
1601452069.7375078,0.9286839772061204,43.82489377960572
1601452069.7455769,0.8387718077175687,43.70797206440872
1601452069.7536461,0.8447691105571332,43.55786037337946
1601452069.761715,0.9044593715730962,43.40326028465599
1601452069.7697835,0.8684934161276185,43.37934723254766
1601452069.7778528,0.9114558904277159,43.40613703175953
1601452069.7859216,0.9185843797648612,43.356542616248525
1601452069.7939909,0.8913212539958135,43.19218962805007
1601452069.80206,0.7710336373390867,43.13592111333003
1601452069.8101287,0.8429826073815251,43.11383480599829
1601452069.8181975,0.9133833548109568,42.89697504020946
1601452069.8262668,0.8577418878061634,42.933816578644716
1601452069.8343358,0.9447379275817224,42.817286473168465
1601452069.8424046,0.8835194913891479,42.67669120284274
1601452069.850474,0.9031561412189476,42.61786710801807
1601452069.8585439,0.8464443166153244,42.665688365897495
1601452069.8666127,0.9258945080467372,42.63248998639937
1601452069.8746815,0.9212853046641866,42.57619409420013
1601452069.8827507,0.9429309028440634,42.42925902657961
1601452069.8908198,0.8579874564957881,42.38654371215957
1601452069.8988886,0.9500080441055568,42.40343906160624
1601452069.906958,0.9586123121207112,42.441613138577
1601452069.9150267,0.9549354034971442,42.35747676571905
1601452069.9230955,0.941193126745928,42.17497495990185
1601452069.9311647,0.961362660061013,42.218664382503775
1601452069.9392338,0.9418456990500024,42.553071893581524
1601452069.9473028,0.9804438954111164,42.51384198753738
1601452069.955372,0.8908984713182927,42.42263363680755
1601452069.9634411,0.9066784021779122,42.43268730534169
1601452069.9715095,0.9793242286760936,42.408301531754645
1601452069.9795787,0.9853838452224808,42.34001537826873
1601452069.9876478,0.9562732386142055,42.24295256015765
1601452069.9957168,0.9761163191058524,42.23437407351279
1601452070.0037858,0.9623529711878174,42.16451551607003
1601452070.0118551,0.971147659176596,42.19618823219717
1601452070.0199234,0.9503112735993212,42.17654651383175
1601452070.0279927,0.937423848923466,42.22531034401284
1601452070.0360618,0.9584522721361212,42.22212849964335
1601452070.0441306,0.9998311495541504,42.08686582286118
1601452070.0521998,0.920190552703675,42.154231772671494
1601452070.0602686,0.9504177904501656,41.972050690731905
1601452070.0683374,0.9654950459269058,42.0715577221129
1601452070.0764067,0.9173963106573156,41.87777474672936
1601452070.0844758,0.9808352530391242,41.886897817745314
1601452070.0925448,0.9165291329058652,41.99884411165436
1601452070.1006136,0.928637975923506,41.93659728516136
1601452070.1086829,0.9850027800657551,41.89979392421371
1601452070.1167517,0.9673059873531218,41.87685728656208
1601452070.1248207,0.9331789626172642,41.876150597515256
1601452070.1328895,0.9958526008903588,41.86326913835713
1601452070.1409588,0.9188442407248758,41.89007089678096
1601452070.1490278,0.9479748585785488,41.79065002296677
1601452070.1570966,0.9756138199009,41.870706219401605
1601452070.1651654,0.9997425489999509,41.82850729558725
1601452070.1732347,1.0,41.79898379576336
1601452070.1813047,0.9544959820579522,41.83624180091071
1601452070.1893735,1.0,41.854470945739706
1601452070.1974428,0.9957615681472208,41.76976581367272
1601452070.2055118,0.969051079622937,41.757364247146825
1601452070.2135806,0.9991574406987404,41.76464303915067
1601452070.22165,1.0,41.61589441761168
1601452070.2297187,1.0,41.50216966835697
1601452070.2377875,0.8913634136405497,41.51053480946312
1601452070.2458568,0.9978171144930194,41.44885114391661
1601452070.2539258,0.9998669851729692,41.474357011900736
1601452070.2619948,1.0,41.345559315485524
1601452070.270064,0.9602477282972806,41.211016900305026
1601452070.278133,0.8565533705391299,41.05564386692844
1601452070.2862015,0.9757595926206046,41.009943900270855
1601452070.2942708,0.9573809625880058,40.89836676750561
1601452070.3023398,0.9978351812994672,40.792850042093306
1601452070.3104088,0.987502623935274,40.74790312572832
1601452070.3184779,0.9430522374683952,40.67494706124229
1601452070.3265467,0.98248830730004,40.685311476994414
1601452070.3346155,0.9607755211208138,40.63683221632991
1601452070.3426847,1.0,40.562653374679776
1601452070.3507538,0.9998191024384444,40.465145937601434
1601452070.3588226,0.9997942597634284,40.33364557623376
1601452070.366892,1.0,40.293104470531006
1601452070.374961,0.9878166445676624,40.218845782246746
1601452070.3830295,1.0,40.16627367156228
1601452070.3910987,1.0,40.11823533737187
1601452070.3991678,0.9998498415589696,40.00796645411084
1601452070.4072368,0.9871307791054298,39.93712045361134
1601452070.415306,0.9826772161495104,39.90073215396893
1601452070.423375,0.9996593781600982,39.7359843427288
1601452070.4314435,0.9996291644893976,39.789217740855854
1601452070.4395127,0.999251064721202,39.71337223867665
1601452070.4475818,0.9995715406441456,39.609040181768364
1601452070.4556508,0.960440325791744,39.609727325074466
1601452070.4637198,1.0,39.27476612670627
1601452070.4717891,0.9319688132123792,39.485831508728936
1601452070.4798574,0.9973413472616812,39.49168564981826
1601452070.4879267,1.0,39.32155468671096
1601452070.4959958,0.9166595863524092,39.241199994073845
1601452070.5040658,0.9956140229718642,39.2565150069376
1601452070.5121348,0.9720216714459278,39.09107470401909
1601452070.5202038,1.0,38.950058590936905
1601452070.5282726,0.9963399602801788,38.91954893883725
1601452070.5363414,1.0,38.94746686552979
1601452070.5444107,1.0,38.95395929872701
1601452070.5524795,0.9451185550763678,38.86950696566267
1601452070.5605488,0.9489406620854748,38.92450184902738
1601452070.5686178,1.0,38.883428314048636
1601452070.5766866,0.9996699815519168,38.85322329130413
1601452070.5847561,0.9995873537886412,38.81717392758736
1601452070.5928247,0.9203485203740348,38.78117811783768
1601452070.6008935,0.9250611927177222,38.788022894034654
1601452070.6089628,0.9404658400846544,38.799890836519396
1601452070.6170318,0.9666396177353398,38.711189800372296
1601452070.6251009,0.9227931706654896,38.786354584681796
1601452070.63317,0.9574969647809428,38.76209631118453
1601452070.6412387,0.9718970009236716,38.678529802782435
1601452070.6493075,0.9880375282757728,38.60941729121443
1601452070.6573768,0.9732867612454448,38.750020454907535
1601452070.6654458,0.9755282591377618,38.64452323724708
1601452070.6735148,0.9949366099491436,38.63397062566688
1601452070.681584,1.0,38.56993008086552
1601452070.6896527,0.984916188502478,38.54611159246378
1601452070.6977215,0.995140625367248,38.664263326738684
1601452070.7057908,0.9940424354071202,38.57365145102585
1601452070.7138598,0.9149840641227313,38.64203388323331
1601452070.7219286,0.9801401657183664,38.583010410516316
1601452070.729998,0.9849655725004453,38.674180390436156
1601452070.738067,0.959261025579779,38.57136436459297
1601452070.7461355,0.9692767848733485,38.56174851937736
1601452070.7542048,0.9957759598182192,38.690751530844345
1601452070.7622738,0.9645676951404312,38.74325695894815
1601452070.7703428,0.9683159260931918,38.79382096829171
1601452070.7784119,0.9936905210615988,38.76528605850593
1601452070.7864807,0.9948794321632384,38.7702910422409
1601452070.7945495,0.9655105314952424,38.86419004128717
1601452070.8026187,1.0,38.89754953057566
1601452070.8106878,0.9802935787202094,38.8846531938129
1601452070.8187568,1.0,38.876406804223286
1601452070.826826,0.9710614344030516,38.94857769979967
1601452070.8348956,0.9997253847305964,39.02588293555159
1601452070.8429651,0.8776181203864319,38.92937688502807
1601452070.8510337,0.9666380263926728,38.961010087318954
1601452070.8591027,0.9904613104378324,39.01600937492152
1601452070.8671718,0.9853404844795528,38.99972146642805
1601452070.8752408,0.9982712605742186,39.049541360657095
1601452070.8833098,0.9997332011990934,39.15924009882221
1601452070.8913786,0.8836994357100518,39.185291158478094
1601452070.8994474,0.9778870041191112,39.193186288592656
1601452070.9075167,1.0,39.27174331699429
1601452070.9155858,1.0,39.24057950742813
1601452070.9236548,0.9883617274581816,39.291873433615024
1601452070.9317238,0.9705836283251186,39.28076618255265
1601452070.9397929,0.9369126380638796,39.34040661928453
1601452070.9478614,0.9842058994757966,39.36743151538497
1601452070.9559307,0.9901111041244878,39.420174896283896
1601452070.9639995,1.0,39.421676639706675
1601452070.9720688,0.9686817064502968,39.47213263809958
1601452070.9801376,1.0,39.5325240157925
1601452070.9882069,1.0,39.50155418273727
1601452070.9962757,0.9903245867225152,39.56450227766987
1601452071.0043447,0.974063275947918,39.5113804963426
1601452071.0124135,0.9999143573835464,39.535460586599434
1601452071.0204828,0.9802659522035744,39.59626285676313
1601452071.0285518,1.0,39.63702766406988
1601452071.0366206,1.0,39.63356086260857
1601452071.0446901,0.9958833601160616,39.687133501088695
1601452071.0527587,0.9771912022268922,39.67798127438445
1601452071.0608275,0.9999621251209004,39.600014441512705
1601452071.0688968,0.9759230265847268,39.540509593878696
1601452071.0769658,0.9985349972969788,39.6776231417829
1601452071.0850348,0.9999296369912728,39.62527660692444
1601452071.093104,0.9821476207076788,39.721187832024455
1601452071.1011727,0.9995564431400934,39.77044496569517
1601452071.1092415,0.9981719140171104,39.675273811095174
1601452071.1173108,0.9946953926297164,39.66338952850765
1601452071.1253798,0.9944250312448484,39.541447408280476
1601452071.1334488,1.0,39.61582983135697
1601452071.1415179,0.9374838362081542,39.76466814296826
1601452071.149588,0.9699361309244504,39.75120031827662
1601452071.157657,0.9631044333913664,39.65139709043582
1601452071.1657255,1.0,39.68270290949242
1601452071.1737947,0.9445138469263182,39.68092339299146
1601452071.1818638,0.9999427341829444,39.72079314349162
1601452071.1899328,0.998887093358738,39.77745775114186
1601452071.1980019,0.9757888259956716,39.847361723288266
1601452071.2060711,1.0,39.77500446745904
1601452071.2141395,0.9813804610841792,39.790563441715705
1601452071.2222087,0.999978345699544,39.85466569667321
1601452071.2302778,0.9999650942541564,39.87088112953587
1601452071.2383466,0.97631573812196,40.005377627167256
1601452071.246416,0.9666856676331598,39.93768034407356
1601452071.254485,0.9848746244828472,39.746314894176905
1601452071.2625535,0.9788412008278922,39.84896493959599
1601452071.2706227,0.9302284097457396,39.858659019735825
1601452071.2786918,0.9935322057761079,39.90458494774454
1601452071.2867608,0.9933175390317752,39.912717493042656
1601452071.2948296,0.966072117454753,39.905856720459035
1601452071.3028991,0.9770494040019156,40.03291938949822
1601452071.3109677,0.9930288794232794,40.05665142089649
1601452071.3190367,0.891954238446641,40.14340463162631
1601452071.3271058,0.9339833796183856,40.22954900173417
1601452071.3351748,0.8909604168597941,40.25916397225258
1601452071.3432438,0.9667273829759588,40.377813348247415
1601452071.3513126,0.975603884618198,40.380179683998996
1601452071.3593814,1.0,40.444950296859936
1601452071.3674507,0.9280693278493352,40.47101330491121
1601452071.3755198,0.9800841410711264,40.522283163699285
1601452071.3835888,0.9416724873166163,40.52464797382395
1601452071.3916578,0.9527409223167648,40.66732387319265
1601452071.3997269,0.96246014901247,40.61486250835564
1601452071.4077954,0.9734769239655112,40.68743979735801
1601452071.415865,0.9016540574983644,40.70912911818635
1601452071.4239335,0.9377551039782288,40.699179247181924
1601452071.4320028,0.9256384387689922,40.82567748995065
1601452071.4400716,0.9465670486125436,40.82966979057795
1601452071.4481409,0.9827270067916396,40.84393470454636
1601452071.45621,0.958806356026813,40.85224191613085
1601452071.4642787,0.9995927828277038,40.80662101228986
1601452071.472349,0.9898683165149392,40.93349342322283
1601452071.4804175,1.0,40.90891251891304
1601452071.4884868,0.9975988174550408,40.937821006856
1601452071.4965556,1.0,41.019189371027714
1601452071.5046248,0.9999862865508412,41.00181931859933
1601452071.512694,0.9999823182856888,40.96093311444999
1601452071.5207627,0.9522554097621406,40.972244914604545
1601452071.5288315,0.9866418428245576,40.91769295997687
1601452071.5369008,0.9438183583668696,41.053899000924005
1601452071.5449698,0.7671846957620471,41.45410670211137
1601452071.5530386,0.9980208461492858,41.211269779859855
1601452071.561108,0.9765925308584292,40.85711043270844
1601452071.5691767,0.9998897675903567,40.9175615752267
1601452071.5772455,0.9568224242203788,40.85725650756885
1601452071.5853148,0.9998746734965728,40.80827177723867
1601452071.5933838,0.9701242060496316,40.81520541716535
1601452071.6014528,0.9365767264428084,40.848744599474365
1601452071.609522,0.9414605451429936,40.90846266279896
1601452071.617591,0.9532720292331208,40.96943051400943
1601452071.6256595,0.9542686003966396,40.92377083437439
1601452071.6337287,0.9135171599074604,40.90009148907749
1601452071.6417975,0.8967079420533883,40.892565432097946
1601452071.6498668,0.9949507599102284,40.92749016054237
1601452071.6579359,0.9662347537026996,40.95002545853571
1601452071.6660051,1.0,40.96199512017525
1601452071.6740735,0.9533689633858302,40.98748180445797
1601452071.6821427,0.9078254332392394,41.00546328776323
1601452071.6902118,0.8668145998734197,40.95318801441976
1601452071.6982806,0.9798173233819,40.957418467177895
1601452071.7063498,0.9304981402208184,40.97144292253935
1601452071.714419,0.9933483553353784,40.92677946659304
1601452071.7224874,0.9887822613796184,40.980636111306055
1601452071.7305567,0.9731094552232948,41.050866510907504
1601452071.7386258,0.9502480522327076,41.123301828077174
1601452071.7466948,0.9810493140843728,41.038490706106636
1601452071.7547636,0.9710599869753708,41.1233418638585
1601452071.7628329,0.9719791910352478,41.14283881738012
1601452071.7709017,0.9894601786061104,41.12807539176516
1601452071.7789707,0.8766157772039009,41.17600383337721
1601452071.7870398,0.919668720703058,41.17821518274353
1601452071.7951095,0.9206194684862344,41.14721665987643
1601452071.8031788,0.983787953699196,41.18436954733082
1601452071.8112476,0.9399364045245122,41.2361661723105
1601452071.8193169,0.9336217529357868,41.22217157373011
1601452071.8273857,0.9666185477399268,41.2735679874159
1601452071.8354547,0.926090395276805,41.28163701478918
1601452071.8435235,0.9391231193288192,41.25661227071817
1601452071.8515928,0.9135429975659298,41.27797361415306
1601452071.8596618,0.9793892034087728,41.33025382155281
1601452071.8677306,0.940710476201042,41.22058910554882
1601452071.8758,0.9365946722982827,41.26273940486329
1601452071.8838687,0.9422993058742208,41.21303241214487
1601452071.8919375,0.9510054444592188,41.11343241717905
1601452071.9000068,0.9992577450795412,41.148520315500704
1601452071.9080758,0.9360454852218622,41.194125232909954
1601452071.9161446,0.8376095316222435,41.16054980390735
1601452071.9242141,0.8552357332950231,41.16781828393528
1601452071.932283,0.9215457489949128,41.10477145991271
1601452071.9403515,0.9579706073172352,40.94523419231192
1601452071.9484208,0.8952423677247221,40.99633863393481
1601452071.9564898,0.937204670377592,40.963251167471206
1601452071.9645588,0.925016059259436,40.89249673613622
1601452071.9726279,0.9443329267880554,40.802459292517376
1601452071.9806967,1.0,40.71370641683471
1601452071.9887655,0.9166114791054422,40.814321823300716
1601452071.9968348,0.9308853156770852,40.69689832717387
1601452072.0049038,0.9555390482761864,40.57510140829726
1601452072.0129726,0.9797977476972092,40.608221540309984
1601452072.021042,0.8889438912952189,40.347535312513656
1601452072.0291107,1.0,40.27878875725234
1601452072.0371795,0.9924213787445472,40.17880750824301
1601452072.0452487,0.9998780691823056,40.07592351706182
1601452072.0533178,0.951518205656186,40.04680951657395
1601452072.0613868,1.0,39.90736491632893
1601452072.069456,0.9982495319973772,39.848188511447475
1601452072.077525,0.9131585867311188,39.840750376234325
1601452072.0855935,0.9841538221752706,39.81784476587508
1601452072.0936627,0.9753647639510884,39.104120284652204
1601452072.1017318,0.9897575956653786,39.163085716234434
1601452072.1098008,0.8997094649505339,38.999476375876
1601452072.1178708,0.7764985760458892,39.81119964894211
1601452072.1259398,0.7659151300782967,39.979437506140606
1601452072.134009,0.7637169501088515,39.48206681478514
1601452072.1420774,0.7868748418229035,39.320370914551646
1601452072.1501467,0.7768434447401682,39.125333097091676
1601452072.1582158,0.8522351038827397,39.38499675537708
1601452072.1662848,0.9274701743561308,39.46171529554126
1601452072.1743536,0.9564734149914,39.37782128155085
1601452072.1824226,0.9451424002111658,34.769203098689154
1601452072.1904914,0.9352253799524052,39.41957784896049
1601452072.1985607,0.9145855966390888,39.676808422487845
1601452072.2066298,0.8725979120309089,39.42048322806368
1601452072.2146988,0.94989315282253,39.44466818099437
1601452072.2227678,0.9539683001415922,39.3651565997932
1601452072.2308366,0.9401761316095338,39.44366582604268
1601452072.2389054,0.8719556459563217,39.550134514599755
1601452072.2469747,0.9432636332118978,39.595823566664855
1601452072.2550435,1.0,39.768177470041216
1601452072.2631128,0.9809745797243672,39.63718050878597
1601452072.2711818,0.9902567398229012,39.530716300200865
1601452072.2792509,0.983751149710048,39.37874796042821
1601452072.28732,0.9684923725546994,39.34931972223643
1601452072.2953887,0.975018757888882,39.404460319377215
1601452072.3034575,0.9991487525772692,39.45090809174075
1601452072.3115268,0.9719871744670024,39.38966725615447
1601452072.3195958,0.9348134240915712,39.49756706262605
1601452072.3276649,0.999479664675231,39.485198093084975
1601452072.335734,0.9941018524079396,39.49975942147981
1601452072.3438027,0.9434946717253344,39.545300567687256
1601452072.3518715,0.8766895258517564,39.55329053010768
1601452072.3599408,0.9970261624258,39.60334794408803
1601452072.3680098,0.9729045444296665,39.67643455393586
1601452072.3760786,0.9882772622295306,39.62375865373033
1601452072.3841481,0.944460263892139,39.63024440320443
1601452072.3922167,0.9702412860065364,39.70338471353642
1601452072.4002855,0.9694606337217958,39.703891991307685
1601452072.4083548,0.9640353549591107,39.82454142809095
1601452072.4164238,0.9315601110481876,39.840103826502535
1601452072.4244928,0.8877227869139158,39.77783930446781
1601452072.4325619,0.9785290957372056,39.88143061011253
1601452072.4406307,0.933765112212403,39.945793412487994
1601452072.4487007,0.9742711941294157,40.049411842146704
1601452072.4567695,0.937018070475935,40.075019249136936
1601452072.4648387,0.9606524443838768,40.11792880139589
1601452072.4729078,0.9891011167261632,40.17645783221508
1601452072.4809768,0.9998552463773208,40.14579629192546
1601452072.489046,0.988624301394834,40.213529615584854
1601452072.4971151,0.9875387719979208,40.23791705811233
1601452072.5051837,0.994237861780112,40.24050276146568
1601452072.5132527,1.0,40.290534470693395
1601452072.5213218,0.9358445238814904,40.26940869682184
1601452072.5293908,0.9619704292021936,40.33796727786487
1601452072.5374599,0.95500547049904,40.37663680089413
1601452072.545529,0.9097719716141496,40.35929019494662
1601452072.5535975,0.999127819695947,40.43777705160545
1601452072.5616667,0.999480393551426,39.971348917715616
1601452072.5697358,0.9998767529288658,39.37339794825626
1601452072.5778048,0.9555557960384908,38.41951776757502
1601452072.5858738,0.7352594205751738,37.41953938349649
1601452072.6181498,0.6885119567492614,32.7410561685333
1601452072.6262188,0.7856647780679941,25.537736511486635
1601452072.6423569,0.6843270258392297,28.204863540194985
1601452072.6665635,0.690929215969923,27.37590014066973
1601452072.6827018,0.7080489799376445,33.97666475883053
1601452072.6907706,0.8055971840662246,23.959742116658248
1601452072.6988394,0.8430513971153442,37.70197758399173
1601452072.7069087,0.9733597951683944,37.92967670286382
1601452072.7149775,0.9294990091562246,38.44822344980248
1601452072.7230468,0.7803216300763124,38.628308419717776
1601452072.7311158,0.9977732680182708,31.628178815391955
1601452072.7391849,0.9693455527985316,38.24451679325162
1601452072.747254,0.9972286110485818,28.15769950812849
1601452072.7553227,0.9814709279199724,38.76947241409018
1601452072.7633927,0.994841373888684,38.89957837352226
1601452072.7714615,0.9047876693778936,38.69844088971728
1601452072.7795308,0.979988110703822,38.60305224675536
1601452072.7875998,0.9800938423722982,38.78833446373768
1601452072.7956688,0.9995271968308096,38.99641866304197
1601452072.803738,0.9576771298436622,38.99451544891822
1601452072.811807,0.999432752470955,39.29110242268961
1601452072.8198755,0.9705423964420228,39.31835934280142
1601452072.8279448,0.9446856838689712,39.405466490631156
1601452072.8360136,0.9265044449541184,39.40838795168594
1601452072.8440828,0.965731413972882,39.15832850269846
1601452072.8521519,0.9344517576464626,39.397867177738135
1601452072.8602207,0.9946543288828842,39.30879527714281
1601452072.8682895,1.0,39.228430421791664
1601452072.8763587,0.929756110181575,39.42288335042421
1601452072.8844278,0.9980841193654556,39.44835795078217
1601452072.8924966,0.9905342822296976,39.475666223414564
1601452072.900566,0.9607149093087156,39.45572178887208
1601452072.9086347,1.0,39.42405225073081
1601452072.9167035,1.0,39.460269800270474
1601452072.9247727,0.9881304199610138,39.432040502385405
1601452072.9328418,0.9830937069115512,39.452040278074385
1601452072.9409108,0.8890010088872435,39.549233731852155
1601452072.94898,0.8599387809486505,39.45885059734631
1601452072.9570491,0.933224943380114,39.56008421418521
1601452072.9651177,0.8391867362361166,39.61869501752894
1601452072.9731867,0.9568618258036105,39.47215058557087
1601452072.9812558,0.9042425256660768,39.55038111600543
1601452072.9893248,0.9247774355673412,39.522500110426705
1601452072.9973938,0.8786610830073815,39.54941636592919
1601452073.0054631,0.8842634381459872,39.62958157696952
1601452073.0135314,0.8885958502934442,39.7307607424985
1601452073.0216007,0.8730702333246552,39.70697310845693
1601452073.0296698,0.9402040525146492,39.767343569545844
1601452073.0377386,0.836130866808044,39.762484671389615
1601452073.0458078,0.9585416840218736,39.76839700059803
1601452073.0538769,0.9682394205250084,39.741678306181825
1601452073.0619454,0.963064573913218,39.764367287189
1601452073.070015,0.9136037312633538,39.83221539919611
1601452073.0780838,0.9129578956652078,39.764874039216544
1601452073.0861535,0.8401248841408269,39.78397146004435
1601452073.0942225,0.8906500072396885,39.73889293039528
1601452073.1022918,0.9090440094308024,39.672441478922465
1601452073.1103609,0.92385990546936,39.53116173134153
1601452073.1184301,0.902938061243747,39.47450000545216
1601452073.126499,0.9197152526314704,39.3739833519296
1601452073.1345675,0.8693069918837861,39.34617216353404
1601452073.1426368,0.9383995499391924,39.31231100259532
1601452073.1507056,0.8643601148172417,39.21586992176878
1601452073.1587749,0.8097854182508191,39.091688783541095
1601452073.166844,0.8582638575957464,38.998265812693774
1601452073.1749127,0.905710986391924,38.83759077351017
1601452073.1829815,0.9271914712915741,38.64675517865311
1601452073.1910508,0.961408225031605,38.639706997474754
1601452073.1991198,0.94366870348021,38.5888366619654
1601452073.2071886,0.9917514949692526,38.5872113332962
1601452073.2152581,0.999736994655514,38.40485381207989
1601452073.2233267,0.9996395305555557,38.16800812024179
1601452073.2313955,0.9994739610244692,38.11512147887886
1601452073.2394648,0.9994838105666716,37.847763868897204
1601452073.2475338,0.999425958656066,37.80983289720759
1601452073.2556028,0.9991409079192052,37.584980068552454
1601452073.263672,0.9994179705612158,37.43980984600951
1601452073.271741,0.999031241112045,37.43846389212651
1601452073.2798095,0.9992098226136348,37.345541509525866
1601452073.2878788,0.9994852794216024,37.20402084193542
1601452073.2959476,0.9997874475239684,37.16643686483432
1601452073.3040168,0.9996555731936446,37.059060338070545
1601452073.3120859,0.9997185035288838,37.02844937359529
1601452073.3201547,0.9994858767462296,36.98596169853197
1601452073.3282235,0.9994019647040736,36.938309856434934
1601452073.3362927,1.0,36.92314926025781
1601452073.3443618,1.0,36.869127294655534
1601452073.3524306,0.9499220154152216,36.85892860011735
1601452073.3605,0.9996982170344964,36.82501973982689
1601452073.368569,0.9997626089085258,36.80466444469598
1601452073.3766375,0.9996771335154946,36.83610285309502
1601452073.3847067,0.9998084982607104,36.79292067097085
1601452073.3927758,1.0,36.83609326514645
1601452073.4008448,1.0,36.7609179128428
1601452073.4089148,1.0,36.745074498012336
1601452073.4169838,1.0,36.77532608134172
1601452073.425053,1.0,36.7435911455226
1601452073.4331214,1.0,36.76525921515939
1601452073.4411907,1.0,36.78646727813837
1601452073.4492598,1.0,36.76357689963165
1601452073.4573288,0.9863744095126422,36.73364258245034
1601452073.4653976,0.9997572219267312,36.68720693197695
1601452073.4734669,1.0,36.779622350396735
1601452073.4815354,1.0,36.79324010058599
1601452073.4896047,1.0,36.73822011609785
1601452073.4976735,0.9992320397720282,36.859111897333285
1601452073.5057428,1.0,36.74160843574258
1601452073.5138118,1.0,36.91160981470085
1601452073.5218806,0.9988105343847704,36.614784171300094
1601452073.5299494,0.998788000675098,36.315664075007625
1601452073.5380187,1.0,36.47044988672514
1601452073.5460875,1.0,36.5725839403505
1601452073.5541568,0.999126887875342,36.740211072301314
1601452073.5622258,0.9990987521496228,36.693819899794356
1601452073.5702946,0.9991054745254913,36.70576499529086
1601452073.5783641,0.9988708682183984,36.84051827846325
1601452073.5864327,1.0,36.82122779663618
1601452073.5945015,0.9989762079239584,36.74925271627775
1601452073.6025708,0.9989976957256128,36.814126409181796
1601452073.6106398,0.9989620942699684,36.79687018680145
1601452073.6187088,1.0,36.824556584534506
1601452073.626778,1.0,36.95053941410154
1601452073.6348467,0.9993970918758698,36.98474009080607
1601452073.6429155,0.9992753479000716,37.01131524423905
1601452073.6509848,0.9992281670690776,37.05903032828785
1601452073.6590538,1.0,37.00518787256552
1601452073.6671226,0.9994364136059104,37.150415504807526
1601452073.6751919,0.9993589577036294,37.12192698879036
1601452073.6832607,0.9994910055892348,37.13505006067496
1601452073.6913295,1.0,37.16682594674051
1601452073.6993988,1.0,37.163806762161826
1601452073.7074678,0.9992633791920279,37.19156549354374
1601452073.7155368,0.999310328518034,37.20934044536534
1601452073.723606,0.9993310572023744,37.145154414131
1601452073.7316759,0.9990281605111055,37.0533599183333
1601452073.7397447,1.0,37.024175182148866
1601452073.7478135,1.0,37.00978744906851
1601452073.7558827,0.9987956253665106,36.97136700864801
1601452073.7639518,0.998878014485584,36.9512207121881
1601452073.7720208,1.0,36.88796942422504
1601452073.78009,0.9990796841422434,36.86565452343504
1601452073.788159,1.0,36.93576194041113
1601452073.7962275,1.0,36.51039373763433
1601452073.8042967,1.0,36.69358804207406
1601452073.8123658,1.0,35.56811990542083
1601452073.8204348,0.9988649784188351,33.325074508729955
1601452073.8285036,0.9959741476619736,33.152652476376076
1601452073.8365731,0.8755927523417159,26.84901577629462
1601452073.8446414,0.9156795377070328,26.356059584610527
1601452073.8607798,0.7076331099619101,24.869042956978078
1601452073.8688488,0.7779367260138652,14.529989754854885
1601452073.8769178,0.9985802106032896,18.96589507708147
1601452073.8849866,0.99,19.658147524444548
1601452073.8930554,0.7059300863757786,18.604945872923352
1601452073.9414694,0.6476104553927311,22.779771099768052
1601452073.9656768,0.7357194003807719,18.89958769199433
1601452073.9818149,0.6356528627903815,19.283730648122834
1601452074.0221598,0.7957143340776274,25.459148908446576
1601452074.0382981,0.7450924558616899,25.893071842252628
1601452074.0463667,0.9133780964991663,25.697858438193823
1601452074.0544355,0.8378134702491442,25.770028392378702
1601452074.0625055,0.9243919854392748,29.449781880829878
1601452074.0705748,0.9857897458698216,30.277484815001124
1601452074.0786438,0.8908630542423889,26.22045585746513
1601452074.0867126,0.9642881650521944,25.996560207793827
1601452074.094782,0.9769481171109208,35.068197431881664
1601452074.1028507,0.972028058142364,25.882483154555345
1601452074.1109195,0.9812820258852832,35.089374787518985
1601452074.1189888,0.991024135004542,35.13582256293096
1601452074.1270578,0.9709712569878906,35.3112266825371
1601452074.1351268,0.9982810973685198,35.34607707898192
1601452074.143196,0.9987422317250156,35.480009344523005
1601452074.151265,0.9851822277455008,35.457514712185905
1601452074.1593337,0.9377468456264458,36.04303709642651
1601452074.1674027,0.9968413188174224,36.074501080364215
1601452074.1754718,0.9748136583913216,36.10252132678066
1601452074.1835408,0.9992794174090096,36.30781580079636
1601452074.1916099,0.9900807606648554,36.157000847237896
1601452074.199679,0.9933350477583224,36.082179071529424
1601452074.2077475,1.0,36.16833792338707
1601452074.2158167,0.9964602417312562,36.241183082406145
1601452074.2238858,0.997304063057415,36.63472994468426
1601452074.2319546,0.9978480006452766,36.79196117550784
1601452074.240024,0.9978829851737652,36.68157412232407
1601452074.248093,0.997914192433636,37.02292990531323
1601452074.2561615,1.0,37.180872935600355
1601452074.2642307,1.0,37.375136016181386
1601452074.2722998,0.9994570639911792,37.61342143038896
1601452074.2803688,0.9158114659913156,37.68634270062967
1601452074.2884376,0.9246018148994796,37.993916869293045
1601452074.2965071,0.93343151947066,37.83889349938058
1601452074.3045757,0.8485288284156501,38.50142614509007
1601452074.3126447,0.89925075822776,38.29564195610745
1601452074.3207138,0.8091547048973234,38.15162421870132
1601452074.3287828,0.9352375358141376,38.24231592696877
1601452074.3368518,0.8853113563180544,38.62488476297549
1601452074.3449206,0.8871344740403442,38.83546620722552
1601452074.3529894,0.8783442283732624,39.02257121833884
1601452074.3610587,0.8976427589116703,39.12870129160196
1601452074.3691278,0.8048066831678156,39.13745475001115
1601452074.3771975,0.9416510124336476,39.200469666963976
1601452074.3852668,0.8837541643879256,39.41456343574289
1601452074.3933358,0.9069399129021128,39.47867922495104
1601452074.4014046,0.8768293375851361,39.495162860985616
1601452074.4094741,0.8600849076679384,39.59067915327058
1601452074.4175427,0.8319679225183386,39.547885305364034
1601452074.4256115,0.8047121976931948,39.53956153811777
1601452074.4336808,0.8851355453713047,39.57929840014699
1601452074.4417498,0.9618077567996391,39.6302388238989
1601452074.4498188,0.9398017242526048,39.5980385775451
1601452074.4578881,0.9441924430642464,39.64904787277418
1601452074.465957,0.8619527947658616,39.6882373942107
1601452074.4740255,0.8983257089248944,39.66245866123153
1601452074.4820948,0.9267320532306841,39.46050643380967
1601452074.4901636,0.8663282905458376,39.33914158282053
1601452074.4982328,0.8150800127922593,39.33495339551185
1601452074.5063019,0.9481025559713672,39.308212902307844
1601452074.5143707,0.8753463022878523,39.21083727376728
1601452074.5224395,0.8759382261343576,39.26264006331614
1601452074.5305088,0.9152464679692814,39.15717420148056
1601452074.5385778,0.8467474288771353,38.97176211035028
1601452074.5466466,0.8310464806744495,38.787369309450845
1601452074.554716,0.8248490821455685,38.86124407501817
1601452074.5627847,0.8328711551395763,38.72642137752192
1601452074.5708535,0.8731053353848027,38.64496087954065
1601452074.5789227,0.8302499224914437,38.65434757515547
1601452074.5869918,0.8025330119983713,38.62954033748571
1601452074.5950608,0.8975864755316736,38.41445609883978
1601452074.60313,0.8761162382657093,38.25742671936258
1601452074.611199,0.9107511609419094,38.353415062360334
1601452074.6192675,0.8899437824789594,38.277444742021224
1601452074.6273367,1.0,38.10090994193139
1601452074.6354058,0.9958675663930632,37.900846971388674
1601452074.6434748,0.8839848626102901,37.89263133155925
1601452074.6515439,0.8882496918727633,37.912559905805395
1601452074.6596131,0.945663942348024,38.019646786773684
1601452074.6676815,1.0,37.832659940467714
1601452074.6757507,0.999345433564248,37.61758943832067
1601452074.6838198,0.9696536681210096,37.48185423151442
1601452074.6918886,0.9841062247517756,37.375457267097026
1601452074.6999588,0.9994283488794222,37.264793427381505
1601452074.7080278,0.9992704555941154,37.08519898631114
1601452074.7160966,0.9991209949986763,37.00605385645943
1601452074.7241654,0.9988230297747352,36.985847599454985
1601452074.7322347,1.0,36.920747394731336
1601452074.7403038,1.0,36.83380573996149
1601452074.7483726,1.0,36.649166054543706
1601452074.7564418,1.0,36.63868774710231
1601452074.7645106,1.0,36.68712942490846
1601452074.7725794,0.9984698123437582,36.62498270570352
1601452074.780649,0.9986378834293498,36.45811109846803
1601452074.7887175,1.0,36.479620771220524
1601452074.7967868,1.0,36.377561846545376
1601452074.8048556,1.0,36.33702001906165
1601452074.8129249,1.0,36.41523424310943
1601452074.820994,1.0,36.38123911599315
1601452074.8290627,1.0,36.35588073125619
1601452074.8371315,1.0,36.30925055231989
1601452074.8452008,1.0,36.26740035880336
1601452074.8532698,0.9984132585046276,36.26560096199418
1601452074.8613386,0.9980635189308176,36.15896213222757
1601452074.869408,0.9983087859244076,36.165124628302216
1601452074.8774767,1.0,36.193113643180354
1601452074.8855455,1.0,36.096226385620064
1601452074.8936148,1.0,36.19453121165106
1601452074.9016838,1.0,36.05984514478653
1601452074.9097528,1.0,36.01017760671757
1601452074.9178221,0.9972147692181929,35.96285403028949
1601452074.925891,0.9983822274727744,36.1271641106245
1601452074.9339595,1.0,36.08867825979201
1601452074.9420288,0.9981917497387957,35.982371211173856
1601452074.9500976,1.0,35.945273634858225
1601452074.9581668,1.0,35.95476778983699
1601452074.9662359,0.9985673801091701,35.93516779111683
1601452074.9743047,1.0,35.982350299315634
1601452074.9823735,1.0,35.92141928139575
1601452074.9904428,1.0,35.960843699137826
1601452074.9985118,0.9982742260590424,36.00589147311679
1601452075.0065806,0.998901340986026,35.984104399958866
1601452075.01465,0.9985938395383546,35.999798799678004
1601452075.0227199,0.9984186876755288,36.05611450791058
1601452075.0307891,0.998527177680595,36.077940255339115
1601452075.0388575,0.9985980844974685,36.02420090253761
1601452075.0469267,0.998808781912808,36.00714396533597
1601452075.0549958,1.0,36.033968422287096
1601452075.0630648,0.9987915300356119,36.09837640188988
1601452075.071134,1.0,36.13373366612011
1601452075.079203,0.9988738555444344,36.0976472727546
1601452075.0872715,1.0,36.1395935126129
1601452075.0953407,0.9984911375386354,36.1627605348059
1601452075.1034098,0.9985088504132852,36.29392218536479
1601452075.1114788,0.9981433830614748,36.25688097750544
1601452075.1195476,0.9984469851544228,36.24269128468007
1601452075.127617,1.0,36.213696915438966
1601452075.1356854,0.9983735408513617,36.22879980390992
1601452075.1437547,0.998928616362594,36.33979941198509
1601452075.1518238,1.0,36.31338500602915
1601452075.1598928,0.9981609475752644,36.33251562813956
1601452075.1679618,1.0,36.32275193832495
1601452075.1760306,0.998413414416782,36.3913525904002
1601452075.1840994,0.9984538191728092,36.39079421381867
1601452075.1921687,1.0,36.37659630028681
1601452075.2002378,1.0,36.403767819518144
1601452075.2083068,0.9989932680817584,36.36510329460972
1601452075.2163758,1.0,36.52253821019169
1601452075.2244446,1.0,36.57246506703817
1601452075.2325134,1.0,36.54592911366735
1601452075.2405827,0.9991978704204496,36.600608328191655
1601452075.2486515,0.9987446814472534,36.63343157318435
1601452075.2567208,0.9990539608411941,36.66793976817453
1601452075.2647898,1.0,36.550692990993106
1601452075.2728589,1.0,36.60739418980359
1601452075.280928,1.0,36.69026326298779
1601452075.2889967,1.0,36.711275523046176
1601452075.2970655,0.9990610894601594,36.702088231173455
1601452075.3051348,0.9988554584770308,36.706085257124954
1601452075.3132038,0.9988038731852246,36.623735885427095
1601452075.3212726,0.9988009190481306,36.72897446394449
1601452075.329342,0.9982065670790472,36.736173849191374
1601452075.3374107,0.9984734241690384,36.69715453939588
1601452075.3454807,0.9984719906385819,36.76601031460049
1601452075.3535495,0.998471613439565,36.72481141571141
1601452075.3616188,0.9983171529259154,36.752286754050296
1601452075.3696878,1.0,36.78864134464477
1601452075.3777568,1.0,36.801645427356036
1601452075.3858259,1.0,36.864922137087824
1601452075.3938947,1.0,36.87094218774542
1601452075.4019635,0.9980854834074104,36.89362198186298
1601452075.4100327,1.0,36.80196420586372
1601452075.4181018,1.0,36.83403877764845
1601452075.4261706,0.9981173400690464,36.91956826095394
1601452075.43424,0.9976706904824616,36.84396483192757
1601452075.442309,0.9982116798902058,36.91683797377909
1601452075.4503775,0.9982676928291612,37.06223002848122
1601452075.4584467,0.9987641290504812,37.0985068171812
1601452075.4665158,1.0,36.97478894112648
1601452075.4745848,0.9987943105293028,37.04346380285271
1601452075.4826539,0.9985079341610016,37.055843326114505
1601452075.4907231,0.9989283279765642,37.023987378117496
1601452075.4987915,0.9986886965315152,37.11535697047077
1601452075.5068607,0.9986404417530468,37.077757841096016
1601452075.5149298,1.0,37.127214933138404
1601452075.5229988,1.0,37.11670269278332
1601452075.5310678,0.9984827564697412,37.2375139495401
1601452075.539137,0.9984528813596838,37.1837162841795
1601452075.5472054,0.9987005807010229,37.20595070252632
1601452075.5552747,1.0,37.209262050660314
1601452075.5633438,1.0,37.36877537481377
1601452075.5714128,1.0,37.12755426139909
1601452075.5794818,1.0,37.221464139865496
1601452075.5875509,1.0,37.325814594054854
1601452075.5956194,0.9986405745800028,37.3291856732479
1601452075.6036887,0.9984427973112546,37.3385701314141
1601452075.6117578,0.9988653718675936,37.300552725967
1601452075.6198268,0.9986357927796156,37.267515008662045
1601452075.6278956,0.9986465336767312,37.24564524487143
1601452075.6359649,0.9986027354644708,37.323907450111896
1601452075.6440337,1.0,37.36259085807997
1601452075.6521027,1.0,37.27074060238653
1601452075.6601715,0.9983746180588636,37.238648400285655
1601452075.6682408,1.0,37.218593462930635
1601452075.6763108,0.9986702393484076,37.281727111760176
1601452075.6843796,1.0,37.293068290692354
1601452075.6924489,1.0,37.321524361841966
1601452075.700518,0.9988934073653724,37.347053959955936
1601452075.7085867,1.0,37.29244297110154
1601452075.7166555,0.9989477222597836,37.30841393656471
1601452075.7247248,1.0,37.34961091135417
1601452075.7327938,1.0,37.339114502703296
1601452075.7408626,0.9982494008996122,37.332573208721186
