Time_stamp,X,Y,Z
1601392417.0,15,0,60
1601392417.03125,15,0,60
1601392417.0625,14,0,59
1601392417.09375,14,1,60
1601392417.125,14,0,60
1601392417.15625,13,0,60
1601392417.1875,14,0,61
1601392417.21875,15,-1,60
1601392417.25,14,-1,60
1601392417.28125,14,-1,61
1601392417.3125,14,-1,61
1601392417.34375,13,-1,61
1601392417.375,14,0,60
1601392417.40625,14,-1,60
1601392417.4375,14,0,60
1601392417.46875,14,0,60
1601392417.5,14,0,60
1601392417.53125,14,0,60
1601392417.5625,14,0,60
1601392417.59375,14,0,60
1601392417.625,14,-1,60
1601392417.65625,14,-1,60
1601392417.6875,13,0,61
1601392417.71875,14,0,60
1601392417.75,14,-1,60
1601392417.78125,14,0,60
1601392417.8125,14,0,60
1601392417.84375,14,-1,61
1601392417.875,14,-1,60
1601392417.90625,14,-1,60
1601392417.9375,14,0,60
1601392417.96875,14,-1,60
1601392418.0,14,-1,60
1601392418.03125,14,-1,60
1601392418.0625,14,-1,60
1601392418.09375,14,0,60
1601392418.125,14,0,60
1601392418.15625,14,0,60
1601392418.1875,14,0,60
1601392418.21875,14,0,60
1601392418.25,14,0,60
1601392418.28125,14,0,60
1601392418.3125,14,0,60
1601392418.34375,14,-1,60
1601392418.375,14,-1,60
1601392418.40625,14,-1,60
1601392418.4375,14,0,60
1601392418.46875,14,-1,60
1601392418.5,15,-1,60
1601392418.53125,15,0,60
1601392418.5625,15,0,60
1601392418.59375,15,0,60
1601392418.625,15,0,60
1601392418.65625,15,0,60
1601392418.6875,14,0,60
1601392418.71875,15,0,60
1601392418.75,15,0,60
1601392418.78125,15,0,60
1601392418.8125,16,0,60
1601392418.84375,16,0,60
1601392418.875,15,0,60
1601392418.90625,15,0,60
1601392418.9375,16,0,60
1601392418.96875,15,0,60
1601392419.0,16,-1,60
1601392419.03125,16,-1,60
1601392419.0625,16,0,60
1601392419.09375,16,0,60
1601392419.125,16,0,60
1601392419.15625,16,0,60
1601392419.1875,16,0,60
1601392419.21875,16,0,60
1601392419.25,16,0,59
1601392419.28125,16,0,60
1601392419.3125,16,0,61
1601392419.34375,16,0,61
1601392419.375,15,0,60
1601392419.40625,15,0,59
1601392419.4375,15,0,59
1601392419.46875,14,0,59
1601392419.5,14,0,59
1601392419.53125,14,-1,60
1601392419.5625,14,-2,61
1601392419.59375,15,-2,61
1601392419.625,14,-2,60
1601392419.65625,13,-2,60
1601392419.6875,14,-2,60
1601392419.71875,14,-2,60
1601392419.75,14,-2,60
1601392419.78125,14,-2,60
1601392419.8125,14,-2,60
1601392419.84375,15,-2,61
1601392419.875,15,-1,61
1601392419.90625,15,-1,60
1601392419.9375,15,-1,60
1601392419.96875,15,-1,60
1601392420.0,15,-1,60
1601392420.03125,15,-1,60
1601392420.0625,15,-1,60
1601392420.09375,15,-1,60
1601392420.125,15,-1,60
1601392420.15625,15,-1,60
1601392420.1875,15,-1,60
1601392420.21875,14,-1,60
1601392420.25,14,-1,60
1601392420.28125,15,0,60
1601392420.3125,15,0,60
1601392420.34375,16,0,60
1601392420.375,16,0,60
1601392420.40625,17,0,60
1601392420.4375,17,0,59
1601392420.46875,16,0,60
1601392420.5,17,0,60
1601392420.53125,16,0,60
1601392420.5625,16,0,60
1601392420.59375,16,-1,60
1601392420.625,17,-1,60
1601392420.65625,16,-1,60
1601392420.6875,16,-1,60
1601392420.71875,16,-1,60
1601392420.75,16,-1,59
1601392420.78125,15,0,60
1601392420.8125,16,-1,59
1601392420.84375,16,-1,60
1601392420.875,16,-1,59
1601392420.90625,16,-1,60
1601392420.9375,16,-1,60
1601392420.96875,16,-1,60
1601392421.0,16,-1,60
1601392421.03125,16,-1,60
1601392421.0625,16,-1,60
1601392421.09375,16,-2,60
1601392421.125,16,-2,60
1601392421.15625,16,-2,60
1601392421.1875,15,-1,60
1601392421.21875,16,-1,60
1601392421.25,16,-2,60
1601392421.28125,16,-1,60
1601392421.3125,16,-1,60
1601392421.34375,16,-1,60
1601392421.375,16,-1,60
1601392421.40625,16,-1,60
1601392421.4375,16,-1,60
1601392421.46875,15,-1,59
1601392421.5,16,-1,59
1601392421.53125,18,-1,61
1601392421.5625,18,-1,61
1601392421.59375,17,-1,59
1601392421.625,16,-1,59
1601392421.65625,16,0,59
1601392421.6875,17,0,59
1601392421.71875,16,0,59
1601392421.75,17,0,60
1601392421.78125,17,-1,60
1601392421.8125,17,0,60
1601392421.84375,17,-1,59
1601392421.875,17,-1,59
1601392421.90625,18,0,60
1601392421.9375,17,-1,60
1601392421.96875,16,-1,59
1601392422.0,17,-1,59
1601392422.03125,17,-1,59
1601392422.0625,18,-1,59
1601392422.09375,18,-1,59
1601392422.125,18,-1,59
1601392422.15625,17,0,60
1601392422.1875,17,0,59
1601392422.21875,18,-1,60
1601392422.25,17,-1,59
1601392422.28125,17,0,60
1601392422.3125,17,0,60
1601392422.34375,17,0,59
1601392422.375,18,0,60
1601392422.40625,17,0,59
1601392422.4375,18,0,60
1601392422.46875,17,0,60
1601392422.5,17,0,60
1601392422.53125,17,0,59
1601392422.5625,17,0,59
1601392422.59375,17,0,59
1601392422.625,17,0,59
1601392422.65625,17,0,60
1601392422.6875,17,0,60
1601392422.71875,17,0,59
1601392422.75,17,0,60
1601392422.78125,17,0,59
1601392422.8125,18,0,59
1601392422.84375,17,0,59
1601392422.875,17,0,59
1601392422.90625,17,0,59
1601392422.9375,17,0,60
1601392422.96875,17,0,59
1601392423.0,18,0,60
1601392423.03125,17,0,59
1601392423.0625,17,0,59
1601392423.09375,17,0,59
1601392423.125,18,0,59
1601392423.15625,18,0,60
1601392423.1875,17,0,59
1601392423.21875,18,0,60
1601392423.25,18,0,59
1601392423.28125,18,0,59
1601392423.3125,18,0,60
1601392423.34375,17,0,60
1601392423.375,17,-1,59
1601392423.40625,18,0,59
1601392423.4375,18,0,60
1601392423.46875,17,-1,61
1601392423.5,18,0,59
1601392423.53125,17,0,59
1601392423.5625,18,0,59
1601392423.59375,18,-1,58
1601392423.625,18,-1,59
1601392423.65625,18,-1,60
1601392423.6875,17,-1,60
1601392423.71875,18,-1,60
1601392423.75,18,-1,59
1601392423.78125,18,-1,60
1601392423.8125,18,-1,59
1601392423.84375,18,-1,59
1601392423.875,18,-1,58
1601392423.90625,18,-1,60
1601392423.9375,18,-1,59
1601392423.96875,18,-1,59
1601392424.0,18,-1,59
1601392424.03125,18,-1,59
1601392424.0625,18,-1,59
1601392424.09375,18,-1,59
1601392424.125,18,-1,59
1601392424.15625,18,-1,59
1601392424.1875,18,-1,59
1601392424.21875,18,-1,59
1601392424.25,18,-1,59
1601392424.28125,18,-1,59
1601392424.3125,18,-1,60
1601392424.34375,18,-1,59
1601392424.375,18,-1,59
1601392424.40625,18,-1,59
1601392424.4375,18,-1,59
1601392424.46875,18,-1,59
1601392424.5,18,-1,59
1601392424.53125,18,-1,59
1601392424.5625,18,-1,59
1601392424.59375,18,-1,59
1601392424.625,18,0,59
1601392424.65625,19,-1,59
1601392424.6875,18,-1,59
1601392424.71875,18,-1,59
1601392424.75,18,0,59
1601392424.78125,18,-1,59
1601392424.8125,18,-1,59
1601392424.84375,18,-1,59
1601392424.875,18,-1,59
1601392424.90625,18,-1,59
1601392424.9375,18,-1,59
1601392424.96875,18,-1,59
1601392425.0,18,-1,59
1601392425.03125,18,-1,59
1601392425.0625,18,-1,59
1601392425.09375,18,-1,59
1601392425.125,18,0,59
1601392425.15625,18,-1,59
1601392425.1875,18,-1,59
1601392425.21875,18,-1,59
1601392425.25,18,-1,59
1601392425.28125,18,-1,59
1601392425.3125,18,-1,59
1601392425.34375,18,-1,59
1601392425.375,18,-1,59
1601392425.40625,18,0,59
1601392425.4375,18,-1,59
1601392425.46875,18,-1,59
1601392425.5,18,-1,59
1601392425.53125,18,0,59
1601392425.5625,18,-1,59
1601392425.59375,18,-1,59
1601392425.625,18,-1,59
1601392425.65625,18,-1,59
1601392425.6875,18,-1,59
1601392425.71875,18,-1,59
1601392425.75,18,-1,59
1601392425.78125,18,-1,59
1601392425.8125,18,-1,59
1601392425.84375,18,-1,59
1601392425.875,18,0,59
1601392425.90625,18,0,59
1601392425.9375,18,-1,59
1601392425.96875,18,-1,59
1601392426.0,18,-1,59
1601392426.03125,18,-1,59
1601392426.0625,18,-1,59
1601392426.09375,18,-1,59
1601392426.125,18,-1,59
1601392426.15625,18,-1,59
1601392426.1875,18,-1,59
1601392426.21875,18,-1,59
1601392426.25,18,-1,59
1601392426.28125,18,-1,59
1601392426.3125,18,-1,59
1601392426.34375,18,-1,59
1601392426.375,18,-1,59
1601392426.40625,18,-1,59
1601392426.4375,18,-1,59
1601392426.46875,18,-1,59
1601392426.5,18,-1,59
1601392426.53125,18,-1,59
1601392426.5625,18,-1,59
1601392426.59375,18,-1,60
1601392426.625,18,-1,59
1601392426.65625,18,-1,59
1601392426.6875,18,-1,59
1601392426.71875,18,-1,59
1601392426.75,18,-1,59
1601392426.78125,18,-1,59
1601392426.8125,18,-1,59
1601392426.84375,18,-1,59
1601392426.875,18,-1,59
1601392426.90625,18,-1,59
1601392426.9375,18,0,59
1601392426.96875,18,-1,59
1601392427.0,18,-1,59
1601392427.03125,18,-1,59
1601392427.0625,18,-1,59
1601392427.09375,18,-1,59
1601392427.125,18,0,59
1601392427.15625,18,-1,59
1601392427.1875,18,0,59
1601392427.21875,18,-1,59
1601392427.25,18,-1,59
1601392427.28125,18,-1,59
1601392427.3125,18,-1,59
1601392427.34375,18,-1,59
1601392427.375,18,-1,59
1601392427.40625,19,-1,59
1601392427.4375,18,-1,59
1601392427.46875,18,-1,59
1601392427.5,18,-1,59
1601392427.53125,18,-1,59
1601392427.5625,19,-1,59
1601392427.59375,19,-1,59
1601392427.625,18,-1,59
1601392427.65625,18,-1,59
1601392427.6875,18,-1,59
1601392427.71875,19,0,59
1601392427.75,18,-1,59
1601392427.78125,19,-1,59
1601392427.8125,19,-1,59
1601392427.84375,18,-1,59
1601392427.875,18,0,59
1601392427.90625,18,-1,59
1601392427.9375,18,-1,59
1601392427.96875,18,-1,59
1601392428.0,18,-1,59
1601392428.03125,19,-1,59
1601392428.0625,18,-1,59
1601392428.09375,19,-1,59
1601392428.125,18,-1,59
1601392428.15625,18,-1,59
1601392428.1875,18,-1,59
1601392428.21875,18,-1,59
1601392428.25,18,-1,59
1601392428.28125,18,0,59
1601392428.3125,18,-1,59
1601392428.34375,18,0,59
1601392428.375,19,-1,59
1601392428.40625,18,-1,59
1601392428.4375,18,-1,59
1601392428.46875,18,-1,59
1601392428.5,18,-1,59
1601392428.53125,19,-1,59
1601392428.5625,18,-1,59
1601392428.59375,18,-1,59
1601392428.625,18,-1,59
1601392428.65625,18,-1,59
1601392428.6875,18,-1,59
1601392428.71875,18,0,59
1601392428.75,18,-1,59
1601392428.78125,18,-1,59
1601392428.8125,18,-1,59
1601392428.84375,18,-1,59
1601392428.875,18,-1,59
1601392428.90625,18,-1,59
1601392428.9375,18,-1,59
1601392428.96875,18,-1,59
1601392429.0,18,-1,59
1601392429.03125,18,-1,59
1601392429.0625,18,-1,59
1601392429.09375,18,-1,59
1601392429.125,18,-1,59
1601392429.15625,18,-1,59
1601392429.1875,18,-1,59
1601392429.21875,18,-1,59
1601392429.25,18,-1,59
1601392429.28125,18,-1,59
1601392429.3125,18,-1,59
1601392429.34375,18,-1,59
1601392429.375,18,-1,59
1601392429.40625,18,-1,59
1601392429.4375,18,-1,59
1601392429.46875,18,-1,59
1601392429.5,18,-1,59
1601392429.53125,18,-1,59
1601392429.5625,18,-1,59
1601392429.59375,18,-1,59
1601392429.625,18,-1,59
1601392429.65625,18,-1,59
1601392429.6875,18,-1,59
1601392429.71875,18,-1,59
1601392429.75,18,-1,59
1601392429.78125,18,-1,59
1601392429.8125,18,-1,59
1601392429.84375,18,-1,59
1601392429.875,18,-1,59
1601392429.90625,18,-1,59
1601392429.9375,18,-1,59
1601392429.96875,18,-1,59
1601392430.0,18,-1,59
1601392430.03125,18,-1,59
1601392430.0625,18,-1,59
1601392430.09375,18,-1,59
1601392430.125,18,-1,59
1601392430.15625,18,0,59
1601392430.1875,18,-1,59
1601392430.21875,18,-1,59
1601392430.25,18,-1,59
1601392430.28125,18,-1,59
1601392430.3125,18,-1,59
1601392430.34375,18,-1,59
1601392430.375,18,-1,59
1601392430.40625,18,-1,59
1601392430.4375,18,-1,59
1601392430.46875,18,-1,59
1601392430.5,18,-1,59
1601392430.53125,18,-1,59
1601392430.5625,18,-1,59
1601392430.59375,18,-1,59
1601392430.625,18,-1,59
1601392430.65625,18,-1,59
1601392430.6875,18,-1,59
1601392430.71875,18,-1,59
1601392430.75,18,-1,59
1601392430.78125,18,-1,59
1601392430.8125,18,-1,59
1601392430.84375,18,-1,59
1601392430.875,18,-1,59
1601392430.90625,18,-1,59
1601392430.9375,18,0,59
1601392430.96875,18,0,59
1601392431.0,18,-1,59
1601392431.03125,18,-1,59
1601392431.0625,18,-1,59
1601392431.09375,18,-1,59
1601392431.125,18,-1,59
1601392431.15625,18,-1,59
1601392431.1875,18,-1,59
1601392431.21875,18,-1,59
1601392431.25,18,0,59
1601392431.28125,19,-1,59
1601392431.3125,18,-1,59
1601392431.34375,18,0,59
1601392431.375,18,-1,59
1601392431.40625,18,-1,59
1601392431.4375,18,-1,59
1601392431.46875,18,-1,59
1601392431.5,18,0,59
1601392431.53125,18,-1,59
1601392431.5625,18,-1,59
1601392431.59375,18,-1,59
1601392431.625,18,-1,59
1601392431.65625,18,0,59
1601392431.6875,18,-1,59
1601392431.71875,18,-1,59
1601392431.75,18,-1,59
1601392431.78125,18,0,59
1601392431.8125,18,-1,59
1601392431.84375,18,-1,59
1601392431.875,18,-1,59
1601392431.90625,18,-1,59
1601392431.9375,18,-1,59
1601392431.96875,18,-1,59
1601392432.0,18,-1,59
1601392432.03125,18,-1,59
1601392432.0625,17,-1,59
1601392432.09375,18,-1,59
1601392432.125,18,-1,59
1601392432.15625,18,-1,59
1601392432.1875,18,-1,59
1601392432.21875,18,-1,59
1601392432.25,18,-1,59
1601392432.28125,18,-1,59
1601392432.3125,18,-1,59
1601392432.34375,18,-1,59
1601392432.375,18,-1,59
1601392432.40625,18,-1,59
1601392432.4375,18,-1,59
1601392432.46875,18,-1,59
1601392432.5,18,-1,59
1601392432.53125,18,-1,59
1601392432.5625,18,-1,59
1601392432.59375,18,-1,59
1601392432.625,18,-1,59
1601392432.65625,18,0,59
1601392432.6875,18,0,59
1601392432.71875,18,-1,59
1601392432.75,18,-1,59
1601392432.78125,18,-1,59
1601392432.8125,18,0,59
1601392432.84375,18,-1,59
1601392432.875,18,-1,59
1601392432.90625,18,0,59
1601392432.9375,18,0,59
1601392432.96875,18,-1,59
1601392433.0,19,-1,59
1601392433.03125,18,-1,59
1601392433.0625,18,-1,59
1601392433.09375,18,-1,59
1601392433.125,18,-1,59
1601392433.15625,18,-1,60
1601392433.1875,19,-1,59
1601392433.21875,18,-1,59
1601392433.25,19,-1,59
1601392433.28125,18,-1,59
1601392433.3125,18,-1,59
1601392433.34375,18,-1,59
1601392433.375,18,-1,59
1601392433.40625,18,-1,59
1601392433.4375,18,0,59
1601392433.46875,18,0,59
1601392433.5,18,-1,59
1601392433.53125,19,-1,59
1601392433.5625,18,-1,59
1601392433.59375,18,-1,59
1601392433.625,18,-1,59
1601392433.65625,18,0,59
1601392433.6875,18,-1,59
1601392433.71875,18,0,59
1601392433.75,18,0,59
1601392433.78125,18,-1,59
1601392433.8125,18,-1,59
1601392433.84375,18,-1,59
1601392433.875,18,-1,59
1601392433.90625,18,-1,59
1601392433.9375,18,-1,60
1601392433.96875,18,-1,59
1601392434.0,18,-1,59
1601392434.03125,18,-1,59
1601392434.0625,18,-1,59
1601392434.09375,18,-1,59
1601392434.125,18,0,59
1601392434.15625,18,0,59
1601392434.1875,18,-1,59
1601392434.21875,18,-1,59
1601392434.25,18,-1,59
1601392434.28125,18,0,59
1601392434.3125,18,-1,59
1601392434.34375,18,-1,59
1601392434.375,18,-1,59
1601392434.40625,18,-1,59
1601392434.4375,18,-1,59
1601392434.46875,18,-1,59
1601392434.5,18,-1,59
1601392434.53125,18,-1,59
1601392434.5625,18,0,59
1601392434.59375,18,0,59
1601392434.625,18,-1,59
1601392434.65625,18,-1,59
1601392434.6875,18,0,59
1601392434.71875,18,-1,59
1601392434.75,18,-1,59
1601392434.78125,18,0,59
1601392434.8125,18,-1,59
1601392434.84375,18,-1,59
1601392434.875,18,-1,59
1601392434.90625,18,-1,59
1601392434.9375,18,-1,59
1601392434.96875,18,-1,59
1601392435.0,18,-1,59
1601392435.03125,18,-1,59
1601392435.0625,18,-1,59
1601392435.09375,18,-1,59
1601392435.125,18,-1,59
1601392435.15625,18,-1,59
1601392435.1875,18,0,59
1601392435.21875,18,-1,59
1601392435.25,18,-1,59
1601392435.28125,18,-1,59
1601392435.3125,18,-1,59
1601392435.34375,18,-1,59
1601392435.375,18,-1,59
1601392435.40625,18,-1,59
1601392435.4375,18,-1,59
1601392435.46875,18,-1,59
1601392435.5,18,0,59
1601392435.53125,18,-1,59
1601392435.5625,18,-1,59
1601392435.59375,18,-1,59
1601392435.625,18,-1,59
1601392435.65625,18,-1,59
1601392435.6875,18,-1,59
1601392435.71875,18,-1,59
1601392435.75,18,-1,59
1601392435.78125,18,-1,59
1601392435.8125,18,-1,59
1601392435.84375,18,-1,59
1601392435.875,18,-1,59
1601392435.90625,18,-1,59
1601392435.9375,18,-1,59
1601392435.96875,18,0,59
1601392436.0,18,0,59
1601392436.03125,18,-1,59
1601392436.0625,18,-1,59
1601392436.09375,18,-1,59
1601392436.125,18,-1,59
1601392436.15625,18,0,59
1601392436.1875,18,-1,59
1601392436.21875,18,-1,59
1601392436.25,18,-1,59
1601392436.28125,18,0,59
1601392436.3125,18,-1,59
1601392436.34375,18,0,59
1601392436.375,18,-1,59
1601392436.40625,18,-1,59
1601392436.4375,18,-1,59
1601392436.46875,18,-1,59
1601392436.5,18,-1,59
1601392436.53125,18,0,59
1601392436.5625,18,-1,59
1601392436.59375,18,-1,59
1601392436.625,18,0,59
1601392436.65625,18,0,59
1601392436.6875,18,0,59
1601392436.71875,18,0,59
1601392436.75,18,-1,59
1601392436.78125,18,-1,59
1601392436.8125,18,0,59
1601392436.84375,18,0,59
1601392436.875,18,-1,59
1601392436.90625,18,-1,59
1601392436.9375,18,0,59
1601392436.96875,18,-1,59
1601392437.0,18,0,59
1601392437.03125,18,0,59
1601392437.0625,18,-1,59
1601392437.09375,18,0,59
1601392437.125,18,0,59
1601392437.15625,18,0,59
1601392437.1875,18,-1,59
1601392437.21875,18,0,59
1601392437.25,18,0,59
1601392437.28125,18,-1,59
1601392437.3125,18,0,59
1601392437.34375,18,-1,59
1601392437.375,18,-1,59
1601392437.40625,18,-1,59
1601392437.4375,18,-1,59
1601392437.46875,18,-1,59
1601392437.5,18,-1,59
1601392437.53125,18,-1,59
1601392437.5625,18,-1,59
1601392437.59375,18,0,59
1601392437.625,18,-1,59
1601392437.65625,18,0,59
1601392437.6875,18,-1,59
1601392437.71875,19,-1,60
1601392437.75,18,0,59
1601392437.78125,17,0,59
1601392437.8125,18,0,59
1601392437.84375,18,-1,59
1601392437.875,18,-1,59
1601392437.90625,18,-1,60
1601392437.9375,18,0,59
1601392437.96875,18,-1,59
1601392438.0,18,-1,59
1601392438.03125,18,-1,59
1601392438.0625,18,-1,59
1601392438.09375,18,-1,59
1601392438.125,18,-1,59
1601392438.15625,18,-1,59
1601392438.1875,18,-1,59
1601392438.21875,18,-1,59
1601392438.25,18,-1,59
1601392438.28125,18,-1,59
1601392438.3125,18,-1,59
1601392438.34375,18,-1,59
1601392438.375,18,0,59
1601392438.40625,18,-1,59
1601392438.4375,18,-1,59
1601392438.46875,18,-1,59
1601392438.5,18,-1,59
1601392438.53125,18,-1,59
1601392438.5625,18,-1,59
1601392438.59375,18,0,60
1601392438.625,18,0,59
1601392438.65625,18,0,59
1601392438.6875,18,0,59
1601392438.71875,18,-1,59
1601392438.75,18,0,59
1601392438.78125,18,0,59
1601392438.8125,18,0,59
1601392438.84375,18,-1,59
1601392438.875,18,0,59
1601392438.90625,18,0,59
1601392438.9375,18,0,59
1601392438.96875,18,0,59
1601392439.0,17,0,59
1601392439.03125,18,-1,59
1601392439.0625,18,0,59
1601392439.09375,18,0,59
1601392439.125,18,0,59
1601392439.15625,18,0,59
1601392439.1875,18,0,59
1601392439.21875,18,0,59
1601392439.25,18,-1,59
1601392439.28125,18,0,59
1601392439.3125,18,0,59
1601392439.34375,18,0,59
1601392439.375,18,-1,59
1601392439.40625,18,-1,59
1601392439.4375,18,-1,60
1601392439.46875,18,0,59
1601392439.5,18,0,59
1601392439.53125,18,-1,59
1601392439.5625,18,0,59
1601392439.59375,18,0,59
1601392439.625,18,-1,59
1601392439.65625,18,-1,59
1601392439.6875,18,-1,59
1601392439.71875,17,-1,59
1601392439.75,17,0,59
1601392439.78125,18,-1,59
1601392439.8125,18,-1,59
1601392439.84375,18,-1,59
1601392439.875,18,-1,59
1601392439.90625,17,-1,59
1601392439.9375,18,-1,60
1601392439.96875,18,-1,59
1601392440.0,18,-1,59
1601392440.03125,18,-1,59
1601392440.0625,18,0,59
1601392440.09375,18,-1,59
1601392440.125,18,-1,59
1601392440.15625,18,0,59
1601392440.1875,18,-1,59
1601392440.21875,18,-1,60
1601392440.25,18,-1,59
1601392440.28125,18,-1,59
1601392440.3125,18,0,59
1601392440.34375,18,0,59
1601392440.375,18,-1,59
1601392440.40625,18,-1,59
1601392440.4375,18,-1,59
1601392440.46875,18,0,59
1601392440.5,18,-1,59
1601392440.53125,18,-1,59
1601392440.5625,18,-1,59
1601392440.59375,18,-1,59
1601392440.625,18,-1,59
1601392440.65625,18,-1,59
1601392440.6875,18,-1,59
1601392440.71875,18,-1,59
1601392440.75,18,-1,59
1601392440.78125,18,-1,59
1601392440.8125,18,-1,59
1601392440.84375,18,-1,59
1601392440.875,18,-1,59
1601392440.90625,18,0,59
1601392440.9375,18,0,59
1601392440.96875,18,0,59
1601392441.0,18,-1,59
1601392441.03125,18,0,59
1601392441.0625,18,0,59
1601392441.09375,18,0,59
1601392441.125,18,-1,59
1601392441.15625,18,-1,59
1601392441.1875,18,-1,59
1601392441.21875,18,-1,59
1601392441.25,18,0,59
1601392441.28125,18,0,59
1601392441.3125,18,0,59
1601392441.34375,18,0,59
1601392441.375,18,0,60
1601392441.40625,18,0,59
1601392441.4375,18,-1,59
1601392441.46875,18,-1,59
1601392441.5,18,0,59
1601392441.53125,18,0,59
1601392441.5625,18,0,59
1601392441.59375,18,0,59
1601392441.625,18,0,59
1601392441.65625,18,0,59
1601392441.6875,18,0,59
1601392441.71875,18,0,59
1601392441.75,18,-1,59
1601392441.78125,18,0,60
1601392441.8125,18,0,59
1601392441.84375,18,-1,60
1601392441.875,18,-1,59
1601392441.90625,18,-1,59
1601392441.9375,18,0,59
1601392441.96875,18,0,59
1601392442.0,18,0,59
1601392442.03125,18,0,59
1601392442.0625,18,0,59
1601392442.09375,18,0,59
1601392442.125,18,-1,59
1601392442.15625,17,0,59
1601392442.1875,18,0,59
1601392442.21875,18,-1,59
1601392442.25,18,-1,59
1601392442.28125,18,-1,59
1601392442.3125,18,-1,59
1601392442.34375,18,-1,59
1601392442.375,18,-1,59
1601392442.40625,18,0,59
1601392442.4375,18,0,59
1601392442.46875,18,0,59
1601392442.5,18,-1,59
1601392442.53125,18,0,59
1601392442.5625,18,0,59
1601392442.59375,18,-1,59
1601392442.625,18,-1,59
1601392442.65625,18,0,59
1601392442.6875,18,0,59
1601392442.71875,18,0,59
1601392442.75,19,-1,59
1601392442.78125,18,-1,59
1601392442.8125,18,-1,59
1601392442.84375,18,0,59
1601392442.875,18,0,59
1601392442.90625,18,-1,59
1601392442.9375,18,-1,59
1601392442.96875,18,-1,59
1601392443.0,18,0,59
1601392443.03125,18,0,59
1601392443.0625,18,-1,59
1601392443.09375,18,0,59
1601392443.125,18,-1,59
1601392443.15625,18,-1,59
1601392443.1875,18,-1,59
1601392443.21875,18,0,59
1601392443.25,18,-1,59
1601392443.28125,18,-1,59
1601392443.3125,19,0,59
1601392443.34375,18,0,59
1601392443.375,18,-1,59
1601392443.40625,18,0,59
1601392443.4375,18,0,59
1601392443.46875,18,0,59
1601392443.5,18,0,59
1601392443.53125,18,-1,59
1601392443.5625,18,0,59
1601392443.59375,18,0,59
1601392443.625,18,0,59
1601392443.65625,18,0,59
1601392443.6875,18,-1,59
1601392443.71875,18,0,59
1601392443.75,18,0,59
1601392443.78125,18,0,59
1601392443.8125,18,-1,59
1601392443.84375,18,0,59
1601392443.875,18,0,59
1601392443.90625,18,0,59
1601392443.9375,18,0,59
1601392443.96875,18,0,59
1601392444.0,18,0,59
1601392444.03125,18,0,59
1601392444.0625,18,0,59
1601392444.09375,18,0,59
1601392444.125,18,0,59
1601392444.15625,18,0,59
1601392444.1875,18,0,59
1601392444.21875,18,-1,59
1601392444.25,18,-1,59
1601392444.28125,18,0,59
1601392444.3125,18,0,59
1601392444.34375,18,0,59
1601392444.375,18,0,59
1601392444.40625,18,0,60
1601392444.4375,18,0,59
1601392444.46875,18,0,59
1601392444.5,18,0,59
1601392444.53125,18,-1,59
1601392444.5625,18,0,59
1601392444.59375,18,0,59
1601392444.625,18,0,59
1601392444.65625,18,-1,59
1601392444.6875,18,-1,59
1601392444.71875,18,0,59
1601392444.75,18,0,59
1601392444.78125,18,0,59
1601392444.8125,18,-1,59
1601392444.84375,18,0,59
1601392444.875,18,0,59
1601392444.90625,18,0,59
1601392444.9375,18,0,59
1601392444.96875,18,0,59
1601392445.0,18,0,59
1601392445.03125,18,0,59
1601392445.0625,18,0,59
1601392445.09375,18,0,59
1601392445.125,18,0,59
1601392445.15625,18,0,59
1601392445.1875,18,0,59
1601392445.21875,18,0,59
1601392445.25,18,0,59
1601392445.28125,19,0,59
1601392445.3125,18,0,59
1601392445.34375,18,-1,59
1601392445.375,18,-1,59
1601392445.40625,18,0,59
1601392445.4375,18,0,59
1601392445.46875,18,0,59
1601392445.5,18,-1,59
1601392445.53125,18,0,59
1601392445.5625,18,0,59
1601392445.59375,19,0,59
1601392445.625,18,-1,59
1601392445.65625,18,0,59
1601392445.6875,18,0,59
1601392445.71875,18,0,59
1601392445.75,18,0,59
1601392445.78125,18,0,59
1601392445.8125,18,-1,59
1601392445.84375,18,0,59
1601392445.875,18,0,59
1601392445.90625,18,0,59
1601392445.9375,18,0,59
1601392445.96875,18,0,59
1601392446.0,19,0,59
1601392446.03125,18,0,59
1601392446.0625,18,0,59
1601392446.09375,18,0,59
1601392446.125,18,0,59
1601392446.15625,18,0,59
1601392446.1875,18,0,59
1601392446.21875,18,0,59
1601392446.25,18,0,59
1601392446.28125,18,0,59
1601392446.3125,18,0,59
1601392446.34375,18,0,59
1601392446.375,18,0,59
1601392446.40625,18,0,60
1601392446.4375,18,0,59
1601392446.46875,18,0,59
1601392446.5,18,1,58
1601392446.53125,18,0,59
1601392446.5625,18,0,59
1601392446.59375,18,-1,60
1601392446.625,18,0,59
1601392446.65625,18,0,59
1601392446.6875,18,0,59
1601392446.71875,18,0,59
1601392446.75,18,0,59
1601392446.78125,18,0,59
1601392446.8125,19,0,59
1601392446.84375,18,0,59
1601392446.875,18,0,59
1601392446.90625,18,0,59
1601392446.9375,18,0,59
1601392446.96875,18,0,59
1601392447.0,18,0,59
1601392447.03125,18,0,59
1601392447.0625,18,0,59
1601392447.09375,18,0,59
1601392447.125,18,0,59
1601392447.15625,18,0,59
1601392447.1875,18,0,59
1601392447.21875,18,0,59
1601392447.25,18,0,59
1601392447.28125,18,0,59
1601392447.3125,18,0,59
1601392447.34375,18,0,59
1601392447.375,18,0,59
1601392447.40625,18,0,59
1601392447.4375,18,0,59
1601392447.46875,18,0,59
1601392447.5,19,0,59
1601392447.53125,18,0,59
1601392447.5625,18,0,59
1601392447.59375,18,0,59
1601392447.625,18,0,59
1601392447.65625,18,0,59
1601392447.6875,19,0,59
1601392447.71875,18,0,59
1601392447.75,18,0,59
1601392447.78125,19,0,59
1601392447.8125,18,0,59
1601392447.84375,19,0,59
1601392447.875,19,0,59
1601392447.90625,18,0,59
1601392447.9375,19,0,59
1601392447.96875,19,0,59
1601392448.0,19,0,59
1601392448.03125,19,0,59
1601392448.0625,18,-1,59
1601392448.09375,18,-1,59
1601392448.125,18,0,58
1601392448.15625,19,0,58
1601392448.1875,19,0,59
1601392448.21875,19,0,59
1601392448.25,19,-1,60
1601392448.28125,18,-1,60
1601392448.3125,18,-2,60
1601392448.34375,18,-2,60
1601392448.375,17,-2,59
1601392448.40625,17,-2,59
1601392448.4375,18,-2,59
1601392448.46875,18,-1,59
1601392448.5,18,-1,59
1601392448.53125,19,-1,60
1601392448.5625,19,-1,59
1601392448.59375,18,0,59
1601392448.625,19,0,59
1601392448.65625,18,0,60
1601392448.6875,19,0,59
1601392448.71875,18,0,59
1601392448.75,18,0,59
1601392448.78125,18,-1,59
1601392448.8125,18,-1,59
1601392448.84375,18,-1,59
1601392448.875,18,-1,59
1601392448.90625,18,0,59
1601392448.9375,18,0,59
1601392448.96875,18,0,59
1601392449.0,18,0,59
1601392449.03125,18,0,59
1601392449.0625,18,0,59
1601392449.09375,18,0,59
1601392449.125,18,-1,59
1601392449.15625,18,-1,59
1601392449.1875,18,-1,59
1601392449.21875,18,-1,59
1601392449.25,18,-1,59
1601392449.28125,18,-1,60
1601392449.3125,18,-1,59
1601392449.34375,18,-1,59
1601392449.375,18,0,59
1601392449.40625,18,0,59
1601392449.4375,18,0,59
1601392449.46875,18,0,59
1601392449.5,18,-1,59
1601392449.53125,18,-1,60
1601392449.5625,18,-1,59
1601392449.59375,18,-1,59
1601392449.625,18,-1,59
1601392449.65625,18,-1,59
1601392449.6875,18,0,59
1601392449.71875,18,0,59
1601392449.75,18,0,59
1601392449.78125,18,-1,59
1601392449.8125,18,-1,59
1601392449.84375,18,0,59
1601392449.875,18,-1,59
1601392449.90625,18,-1,59
1601392449.9375,18,0,59
1601392449.96875,18,0,59
1601392450.0,18,-1,59
1601392450.03125,18,-1,59
1601392450.0625,18,-1,59
1601392450.09375,18,-1,59
1601392450.125,18,-1,59
1601392450.15625,18,-1,59
1601392450.1875,18,-1,59
1601392450.21875,19,-1,59
1601392450.25,18,-1,60
1601392450.28125,18,-1,59
1601392450.3125,18,-1,59
1601392450.34375,18,-1,59
1601392450.375,18,-1,59
1601392450.40625,18,-1,59
1601392450.4375,19,-1,59
1601392450.46875,19,-1,59
1601392450.5,18,-1,59
1601392450.53125,18,-1,59
1601392450.5625,18,-1,59
1601392450.59375,18,-1,59
1601392450.625,18,-1,59
1601392450.65625,18,-1,59
1601392450.6875,18,-1,59
1601392450.71875,18,-1,59
1601392450.75,18,-1,59
1601392450.78125,18,-1,59
1601392450.8125,18,-1,59
1601392450.84375,18,-1,59
1601392450.875,18,-1,59
1601392450.90625,18,-1,59
1601392450.9375,18,-1,59
1601392450.96875,18,-1,59
1601392451.0,18,-1,59
1601392451.03125,18,-1,59
1601392451.0625,18,-1,59
1601392451.09375,18,-1,59
1601392451.125,18,-1,59
1601392451.15625,18,-1,59
1601392451.1875,18,-1,59
1601392451.21875,18,-1,59
1601392451.25,18,-1,59
1601392451.28125,18,-1,59
1601392451.3125,18,-1,59
1601392451.34375,18,-1,59
1601392451.375,18,0,59
1601392451.40625,18,-1,59
1601392451.4375,18,-1,59
1601392451.46875,18,-1,59
1601392451.5,18,-1,59
1601392451.53125,18,-1,59
1601392451.5625,18,-1,59
1601392451.59375,18,-1,59
1601392451.625,18,-1,59
1601392451.65625,18,-1,59
1601392451.6875,18,-1,59
1601392451.71875,18,-1,59
1601392451.75,18,-1,59
1601392451.78125,18,-1,59
1601392451.8125,18,-1,59
1601392451.84375,18,-1,59
1601392451.875,18,-1,59
1601392451.90625,18,-1,59
1601392451.9375,18,-1,59
1601392451.96875,18,-1,59
1601392452.0,19,-1,59
1601392452.03125,18,-1,59
1601392452.0625,18,-1,59
1601392452.09375,18,-1,59
1601392452.125,18,-1,59
1601392452.15625,19,-1,59
1601392452.1875,18,-1,59
1601392452.21875,18,-1,59
1601392452.25,18,-1,59
1601392452.28125,18,-1,59
1601392452.3125,18,-1,59
1601392452.34375,18,-1,59
1601392452.375,18,-1,59
1601392452.40625,19,-1,59
1601392452.4375,18,-1,59
1601392452.46875,18,0,59
1601392452.5,18,-1,59
1601392452.53125,19,-1,59
1601392452.5625,19,-1,59
1601392452.59375,18,-1,59
1601392452.625,18,-1,59
1601392452.65625,18,-1,59
1601392452.6875,18,-1,59
1601392452.71875,18,0,59
1601392452.75,18,-1,59
1601392452.78125,19,-1,59
1601392452.8125,19,-1,59
1601392452.84375,18,-1,59
1601392452.875,18,0,59
1601392452.90625,19,-1,59
1601392452.9375,19,-1,59
1601392452.96875,18,-1,59
1601392453.0,18,-1,59
1601392453.03125,18,-1,59
1601392453.0625,19,-1,59
1601392453.09375,18,-1,59
1601392453.125,18,-1,59
1601392453.15625,19,-1,59
1601392453.1875,18,-1,59
1601392453.21875,18,0,59
1601392453.25,18,-1,59
1601392453.28125,19,-1,59
1601392453.3125,18,0,59
1601392453.34375,18,-1,59
1601392453.375,18,0,59
1601392453.40625,18,0,59
1601392453.4375,18,-1,59
1601392453.46875,19,-1,59
1601392453.5,18,-1,59
1601392453.53125,18,-1,59
1601392453.5625,18,-1,59
1601392453.59375,18,-1,59
1601392453.625,18,-1,59
1601392453.65625,18,0,59
1601392453.6875,18,0,59
1601392453.71875,19,0,59
1601392453.75,18,0,59
1601392453.78125,18,0,59
1601392453.8125,18,0,59
1601392453.84375,18,0,59
1601392453.875,18,-1,59
1601392453.90625,18,0,59
1601392453.9375,19,-1,59
1601392453.96875,18,0,59
1601392454.0,18,0,59
1601392454.03125,18,0,59
1601392454.0625,18,-1,59
1601392454.09375,18,0,59
1601392454.125,18,0,59
1601392454.15625,18,0,59
1601392454.1875,18,0,59
1601392454.21875,18,0,59
1601392454.25,18,-1,59
1601392454.28125,18,-1,60
1601392454.3125,18,0,59
1601392454.34375,18,0,59
1601392454.375,18,-1,59
1601392454.40625,18,0,59
1601392454.4375,18,-1,59
1601392454.46875,18,0,59
1601392454.5,18,0,59
1601392454.53125,18,-1,59
1601392454.5625,18,-1,59
1601392454.59375,18,-1,59
1601392454.625,18,-1,59
1601392454.65625,18,-1,59
1601392454.6875,18,0,59
1601392454.71875,18,-1,59
1601392454.75,18,0,59
1601392454.78125,18,0,59
1601392454.8125,18,0,59
1601392454.84375,18,-1,59
1601392454.875,18,-1,59
1601392454.90625,18,0,59
1601392454.9375,18,0,59
1601392454.96875,19,-1,59
1601392455.0,18,0,59
1601392455.03125,18,0,59
1601392455.0625,18,0,59
1601392455.09375,18,-1,59
1601392455.125,18,0,59
1601392455.15625,18,0,59
1601392455.1875,19,0,59
1601392455.21875,18,0,59
1601392455.25,18,0,59
1601392455.28125,19,-1,59
1601392455.3125,18,-1,59
1601392455.34375,19,0,59
1601392455.375,18,0,59
1601392455.40625,18,0,59
1601392455.4375,19,-1,59
1601392455.46875,18,-1,59
1601392455.5,19,0,59
1601392455.53125,18,0,59
1601392455.5625,19,0,59
1601392455.59375,18,0,59
1601392455.625,18,0,59
1601392455.65625,18,0,59
1601392455.6875,18,0,59
1601392455.71875,19,0,59
1601392455.75,19,0,59
1601392455.78125,18,0,59
1601392455.8125,18,0,59
1601392455.84375,18,0,59
1601392455.875,18,0,59
1601392455.90625,18,0,59
1601392455.9375,18,0,59
1601392455.96875,18,0,59
1601392456.0,18,0,59
1601392456.03125,18,0,59
1601392456.0625,18,0,59
1601392456.09375,18,-1,59
1601392456.125,18,-1,59
1601392456.15625,18,0,59
1601392456.1875,18,0,59
1601392456.21875,18,0,59
1601392456.25,18,0,59
1601392456.28125,18,0,59
1601392456.3125,18,0,59
1601392456.34375,19,0,59
1601392456.375,19,0,59
1601392456.40625,18,0,59
1601392456.4375,18,0,59
1601392456.46875,18,0,59
1601392456.5,19,0,59
1601392456.53125,18,0,59
1601392456.5625,18,0,59
1601392456.59375,18,0,59
1601392456.625,18,0,59
1601392456.65625,18,0,59
1601392456.6875,18,0,59
1601392456.71875,18,0,59
1601392456.75,19,0,59
1601392456.78125,18,0,59
1601392456.8125,18,0,59
1601392456.84375,18,0,59
1601392456.875,18,0,59
1601392456.90625,18,-1,60
1601392456.9375,18,0,59
1601392456.96875,18,0,59
1601392457.0,18,0,59
1601392457.03125,18,0,59
1601392457.0625,19,0,59
1601392457.09375,19,0,59
1601392457.125,18,0,59
1601392457.15625,18,0,59
1601392457.1875,18,0,59
1601392457.21875,18,0,59
1601392457.25,18,0,59
1601392457.28125,19,0,59
1601392457.3125,18,0,59
1601392457.34375,19,0,59
1601392457.375,18,0,59
1601392457.40625,18,0,59
1601392457.4375,19,0,59
1601392457.46875,18,-1,59
1601392457.5,19,-1,59
1601392457.53125,19,-1,59
1601392457.5625,19,0,59
1601392457.59375,19,0,59
1601392457.625,19,0,59
1601392457.65625,19,-1,59
1601392457.6875,18,-1,59
1601392457.71875,18,0,59
1601392457.75,18,0,59
1601392457.78125,18,0,59
1601392457.8125,19,-1,59
1601392457.84375,19,-1,59
1601392457.875,18,0,59
1601392457.90625,19,0,59
1601392457.9375,18,0,59
1601392457.96875,18,0,59
1601392458.0,18,0,59
1601392458.03125,18,0,59
1601392458.0625,19,0,59
1601392458.09375,19,0,59
1601392458.125,19,-1,59
1601392458.15625,18,-1,59
1601392458.1875,18,0,59
1601392458.21875,19,0,59
1601392458.25,18,-1,59
1601392458.28125,18,0,59
1601392458.3125,19,0,59
1601392458.34375,19,0,59
1601392458.375,18,0,59
1601392458.40625,19,0,59
1601392458.4375,18,0,59
1601392458.46875,19,0,59
1601392458.5,18,0,59
1601392458.53125,18,0,59
1601392458.5625,18,0,59
1601392458.59375,18,0,59
1601392458.625,18,0,59
1601392458.65625,18,0,59
1601392458.6875,18,0,59
1601392458.71875,18,0,59
1601392458.75,18,0,59
1601392458.78125,18,0,59
1601392458.8125,18,0,59
1601392458.84375,18,0,59
1601392458.875,19,0,59
1601392458.90625,18,0,59
1601392458.9375,18,0,59
1601392458.96875,18,0,59
1601392459.0,18,0,59
1601392459.03125,18,0,59
1601392459.0625,18,0,59
1601392459.09375,18,0,59
1601392459.125,18,0,59
1601392459.15625,18,0,59
1601392459.1875,18,0,59
1601392459.21875,18,0,59
1601392459.25,18,0,59
1601392459.28125,18,0,59
1601392459.3125,18,0,59
1601392459.34375,18,0,59
1601392459.375,18,0,59
1601392459.40625,18,0,59
1601392459.4375,18,0,59
1601392459.46875,18,0,59
1601392459.5,18,0,59
1601392459.53125,19,0,59
1601392459.5625,18,0,59
1601392459.59375,18,0,59
1601392459.625,18,0,59
1601392459.65625,18,0,59
1601392459.6875,18,0,59
1601392459.71875,18,0,59
1601392459.75,19,0,59
1601392459.78125,18,-1,59
1601392459.8125,18,0,59
1601392459.84375,18,0,59
1601392459.875,18,0,59
1601392459.90625,18,0,59
1601392459.9375,18,0,59
1601392459.96875,18,-1,59
1601392460.0,18,0,59
1601392460.03125,19,0,59
1601392460.0625,18,0,59
1601392460.09375,18,0,59
1601392460.125,18,-1,59
1601392460.15625,19,-1,59
1601392460.1875,18,0,59
1601392460.21875,18,0,59
1601392460.25,18,0,59
1601392460.28125,19,-1,59
1601392460.3125,19,-1,59
1601392460.34375,18,-1,59
1601392460.375,19,0,59
1601392460.40625,19,0,59
1601392460.4375,18,0,59
1601392460.46875,18,0,59
1601392460.5,18,0,59
1601392460.53125,19,0,59
1601392460.5625,19,0,59
1601392460.59375,18,0,59
1601392460.625,18,0,59
1601392460.65625,18,0,59
1601392460.6875,18,0,59
1601392460.71875,18,0,59
1601392460.75,19,0,59
1601392460.78125,19,0,59
1601392460.8125,18,0,59
1601392460.84375,18,0,59
1601392460.875,18,0,59
1601392460.90625,18,0,59
1601392460.9375,19,0,59
1601392460.96875,19,0,59
1601392461.0,18,0,59
1601392461.03125,18,0,59
1601392461.0625,18,0,59
1601392461.09375,18,0,59
1601392461.125,19,0,59
1601392461.15625,19,0,59
1601392461.1875,18,0,59
1601392461.21875,18,0,59
1601392461.25,18,0,59
1601392461.28125,18,0,59
1601392461.3125,18,0,59
1601392461.34375,19,0,59
1601392461.375,19,0,59
1601392461.40625,18,0,59
1601392461.4375,18,0,59
1601392461.46875,18,0,59
1601392461.5,18,0,59
1601392461.53125,18,0,59
1601392461.5625,18,0,59
1601392461.59375,18,0,59
1601392461.625,18,0,59
1601392461.65625,18,0,59
1601392461.6875,18,0,59
1601392461.71875,18,0,59
1601392461.75,18,0,59
1601392461.78125,18,0,59
1601392461.8125,18,0,59
1601392461.84375,18,0,59
1601392461.875,18,0,59
1601392461.90625,18,0,59
1601392461.9375,18,0,59
1601392461.96875,18,0,59
1601392462.0,18,0,59
1601392462.03125,18,0,59
1601392462.0625,18,0,59
1601392462.09375,18,0,59
1601392462.125,18,0,59
1601392462.15625,18,0,59
1601392462.1875,18,0,59
1601392462.21875,18,0,59
1601392462.25,18,0,59
1601392462.28125,19,0,59
1601392462.3125,18,0,59
1601392462.34375,18,0,59
1601392462.375,19,0,59
1601392462.40625,18,0,59
1601392462.4375,19,0,59
1601392462.46875,19,-1,59
1601392462.5,18,0,59
1601392462.53125,18,0,59
1601392462.5625,19,0,59
1601392462.59375,19,-1,59
1601392462.625,18,-1,59
1601392462.65625,18,0,59
1601392462.6875,19,0,59
1601392462.71875,19,0,59
1601392462.75,19,0,59
1601392462.78125,19,0,59
1601392462.8125,19,0,59
1601392462.84375,18,0,59
1601392462.875,18,0,59
1601392462.90625,19,0,59
1601392462.9375,18,0,59
1601392462.96875,18,0,59
1601392463.0,19,0,59
1601392463.03125,19,-1,59
1601392463.0625,18,0,59
1601392463.09375,18,0,59
1601392463.125,18,0,59
1601392463.15625,19,0,59
1601392463.1875,19,0,59
1601392463.21875,18,0,59
1601392463.25,19,0,59
1601392463.28125,18,0,59
1601392463.3125,19,0,59
1601392463.34375,19,0,59
1601392463.375,18,0,59
1601392463.40625,18,0,59
1601392463.4375,18,0,59
1601392463.46875,19,0,59
1601392463.5,18,0,59
1601392463.53125,19,-1,59
1601392463.5625,18,0,59
1601392463.59375,18,0,59
1601392463.625,18,0,59
1601392463.65625,18,0,59
1601392463.6875,18,0,59
1601392463.71875,18,0,59
1601392463.75,18,0,59
1601392463.78125,18,0,59
1601392463.8125,18,0,59
1601392463.84375,18,0,59
1601392463.875,18,0,59
1601392463.90625,18,0,59
1601392463.9375,18,0,59
1601392463.96875,18,0,59
1601392464.0,18,0,59
1601392464.03125,19,0,59
1601392464.0625,18,0,59
1601392464.09375,18,0,59
1601392464.125,18,0,59
1601392464.15625,18,0,59
1601392464.1875,18,0,59
1601392464.21875,18,0,59
1601392464.25,18,0,59
1601392464.28125,18,0,59
1601392464.3125,18,0,59
1601392464.34375,18,0,59
1601392464.375,18,0,59
1601392464.40625,18,0,59
1601392464.4375,18,0,59
1601392464.46875,18,0,59
1601392464.5,18,0,59
1601392464.53125,18,0,59
1601392464.5625,18,0,59
1601392464.59375,18,0,59
1601392464.625,18,0,59
1601392464.65625,18,0,59
1601392464.6875,18,0,59
1601392464.71875,18,0,59
1601392464.75,18,0,59
1601392464.78125,18,0,59
1601392464.8125,18,0,59
1601392464.84375,18,0,59
1601392464.875,18,0,59
1601392464.90625,18,0,59
1601392464.9375,18,0,59
1601392464.96875,18,0,59
1601392465.0,18,0,59
1601392465.03125,18,0,59
1601392465.0625,18,0,59
1601392465.09375,18,0,59
1601392465.125,18,0,59
1601392465.15625,18,0,59
1601392465.1875,18,0,59
1601392465.21875,18,0,59
1601392465.25,18,0,59
1601392465.28125,18,0,59
1601392465.3125,18,0,59
1601392465.34375,18,0,59
1601392465.375,18,0,59
1601392465.40625,18,0,59
1601392465.4375,18,0,59
1601392465.46875,19,0,59
1601392465.5,18,0,59
1601392465.53125,18,0,59
1601392465.5625,18,0,59
1601392465.59375,18,0,59
1601392465.625,18,0,59
1601392465.65625,18,0,59
1601392465.6875,19,0,59
1601392465.71875,19,0,59
1601392465.75,18,0,59
1601392465.78125,18,0,59
1601392465.8125,18,0,59
1601392465.84375,18,0,59
1601392465.875,19,0,59
1601392465.90625,18,0,59
1601392465.9375,18,0,59
1601392465.96875,18,0,59
1601392466.0,18,0,59
1601392466.03125,19,0,59
1601392466.0625,18,0,59
1601392466.09375,18,0,59
1601392466.125,19,0,59
1601392466.15625,18,0,59
1601392466.1875,19,0,59
1601392466.21875,18,0,59
1601392466.25,18,0,59
1601392466.28125,19,0,59
1601392466.3125,19,0,59
1601392466.34375,18,0,59
1601392466.375,18,0,59
1601392466.40625,18,0,59
1601392466.4375,18,0,59
1601392466.46875,18,0,59
1601392466.5,18,0,59
1601392466.53125,18,0,59
1601392466.5625,18,0,59
1601392466.59375,18,0,59
1601392466.625,18,0,59
1601392466.65625,18,0,59
1601392466.6875,18,0,59
1601392466.71875,18,0,59
1601392466.75,18,0,59
1601392466.78125,18,0,59
1601392466.8125,18,0,59
1601392466.84375,18,0,59
1601392466.875,18,0,59
1601392466.90625,18,0,59
1601392466.9375,18,0,59
1601392466.96875,19,0,59
1601392467.0,18,0,59
1601392467.03125,18,0,59
1601392467.0625,18,0,59
1601392467.09375,18,0,59
1601392467.125,19,0,59
1601392467.15625,18,0,59
1601392467.1875,19,0,59
1601392467.21875,18,0,59
1601392467.25,18,0,59
1601392467.28125,18,0,59
1601392467.3125,18,0,59
1601392467.34375,18,0,59
1601392467.375,19,0,59
1601392467.40625,18,0,59
1601392467.4375,18,0,59
1601392467.46875,18,0,59
1601392467.5,18,0,59
1601392467.53125,18,0,59
1601392467.5625,19,0,59
1601392467.59375,18,0,59
1601392467.625,18,0,59
1601392467.65625,18,0,59
1601392467.6875,18,0,59
1601392467.71875,18,0,59
1601392467.75,18,0,59
1601392467.78125,18,0,59
1601392467.8125,18,0,59
1601392467.84375,18,0,59
1601392467.875,18,0,59
1601392467.90625,18,0,59
1601392467.9375,18,0,59
1601392467.96875,19,0,59
1601392468.0,18,0,59
1601392468.03125,18,0,59
1601392468.0625,18,0,59
1601392468.09375,18,0,59
1601392468.125,18,0,59
1601392468.15625,18,0,59
1601392468.1875,18,0,59
1601392468.21875,18,0,59
1601392468.25,18,0,59
1601392468.28125,18,0,59
1601392468.3125,18,0,59
1601392468.34375,18,0,59
1601392468.375,18,0,59
1601392468.40625,18,0,59
1601392468.4375,18,0,59
1601392468.46875,18,0,59
1601392468.5,18,0,59
1601392468.53125,18,0,59
1601392468.5625,18,0,59
1601392468.59375,18,0,59
1601392468.625,19,0,59
1601392468.65625,18,0,59
1601392468.6875,18,0,59
1601392468.71875,18,0,59
1601392468.75,18,0,59
1601392468.78125,18,0,59
1601392468.8125,18,0,59
1601392468.84375,19,0,59
1601392468.875,19,0,59
1601392468.90625,19,0,59
1601392468.9375,19,0,59
1601392468.96875,18,0,59
1601392469.0,19,0,59
1601392469.03125,19,0,59
1601392469.0625,19,0,59
1601392469.09375,19,0,59
1601392469.125,18,0,59
1601392469.15625,18,0,59
1601392469.1875,19,0,59
1601392469.21875,19,0,59
1601392469.25,19,0,59
1601392469.28125,18,0,59
1601392469.3125,19,0,59
1601392469.34375,18,0,59
1601392469.375,19,0,59
1601392469.40625,19,0,59
1601392469.4375,18,0,59
1601392469.46875,19,0,59
1601392469.5,19,0,59
1601392469.53125,18,0,59
1601392469.5625,18,0,59
1601392469.59375,18,0,59
1601392469.625,19,0,59
1601392469.65625,19,0,59
1601392469.6875,19,0,59
1601392469.71875,18,0,59
1601392469.75,18,0,59
1601392469.78125,18,0,59
1601392469.8125,19,0,59
1601392469.84375,19,0,59
1601392469.875,19,0,59
1601392469.90625,18,0,59
1601392469.9375,18,0,59
1601392469.96875,18,0,59
1601392470.0,19,0,59
1601392470.03125,19,0,59
1601392470.0625,19,0,59
1601392470.09375,19,0,59
1601392470.125,18,0,59
1601392470.15625,18,0,59
1601392470.1875,18,0,59
1601392470.21875,18,0,59
1601392470.25,19,0,59
1601392470.28125,18,0,59
1601392470.3125,19,0,59
1601392470.34375,18,0,59
1601392470.375,18,0,59
1601392470.40625,19,0,59
1601392470.4375,18,0,59
1601392470.46875,19,0,59
1601392470.5,19,0,59
1601392470.53125,18,0,59
1601392470.5625,18,0,59
1601392470.59375,18,0,59
1601392470.625,19,0,59
1601392470.65625,19,0,59
1601392470.6875,18,0,59
1601392470.71875,19,0,59
1601392470.75,19,0,59
1601392470.78125,18,0,59
1601392470.8125,19,0,59
1601392470.84375,18,0,59
1601392470.875,18,0,59
1601392470.90625,18,0,59
1601392470.9375,19,0,59
1601392470.96875,19,0,59
1601392471.0,18,0,59
1601392471.03125,19,0,59
1601392471.0625,18,0,59
1601392471.09375,19,0,59
1601392471.125,19,0,59
1601392471.15625,19,0,59
1601392471.1875,19,0,59
1601392471.21875,19,0,59
1601392471.25,19,0,59
1601392471.28125,18,0,59
1601392471.3125,18,0,59
1601392471.34375,19,0,59
1601392471.375,19,0,59
1601392471.40625,19,0,59
1601392471.4375,18,0,59
1601392471.46875,19,0,59
1601392471.5,19,0,59
1601392471.53125,19,0,59
1601392471.5625,19,0,59
1601392471.59375,19,0,59
1601392471.625,19,0,59
1601392471.65625,19,0,59
1601392471.6875,19,0,59
1601392471.71875,19,0,59
1601392471.75,19,0,59
1601392471.78125,19,0,59
1601392471.8125,19,0,59
1601392471.84375,19,0,59
1601392471.875,19,0,59
1601392471.90625,19,0,59
1601392471.9375,19,0,59
1601392471.96875,19,0,59
1601392472.0,19,0,59
1601392472.03125,19,0,59
1601392472.0625,19,0,59
1601392472.09375,18,0,59
1601392472.125,18,0,59
1601392472.15625,19,0,58
1601392472.1875,19,0,59
1601392472.21875,19,0,59
1601392472.25,19,0,59
1601392472.28125,19,0,59
1601392472.3125,18,0,59
1601392472.34375,19,0,59
1601392472.375,19,0,59
1601392472.40625,19,0,59
1601392472.4375,19,0,59
1601392472.46875,19,0,59
1601392472.5,19,0,59
1601392472.53125,19,0,59
1601392472.5625,19,0,59
1601392472.59375,19,0,59
1601392472.625,19,0,59
1601392472.65625,19,0,59
1601392472.6875,19,0,59
1601392472.71875,19,0,59
1601392472.75,19,0,59
1601392472.78125,19,0,59
1601392472.8125,19,0,59
1601392472.84375,19,0,59
1601392472.875,19,0,59
1601392472.90625,19,0,59
1601392472.9375,19,0,59
1601392472.96875,19,0,59
1601392473.0,19,0,59
1601392473.03125,19,0,59
1601392473.0625,18,0,59
1601392473.09375,19,0,59
1601392473.125,19,0,59
1601392473.15625,19,0,59
1601392473.1875,19,0,59
1601392473.21875,19,0,59
1601392473.25,19,0,59
1601392473.28125,19,0,59
1601392473.3125,19,0,59
1601392473.34375,19,0,59
1601392473.375,19,0,59
1601392473.40625,18,0,59
1601392473.4375,19,0,59
1601392473.46875,19,0,59
1601392473.5,19,0,59
1601392473.53125,19,0,59
1601392473.5625,19,0,59
1601392473.59375,19,0,59
1601392473.625,18,0,59
1601392473.65625,19,0,59
1601392473.6875,19,0,59
1601392473.71875,19,0,59
1601392473.75,19,0,59
1601392473.78125,19,0,59
1601392473.8125,19,0,59
1601392473.84375,19,0,59
1601392473.875,19,0,59
1601392473.90625,19,0,59
1601392473.9375,19,0,59
1601392473.96875,19,0,59
1601392474.0,19,0,59
1601392474.03125,19,0,59
1601392474.0625,19,0,59
1601392474.09375,19,0,59
1601392474.125,19,0,59
1601392474.15625,18,0,59
1601392474.1875,19,0,59
1601392474.21875,19,0,59
1601392474.25,19,0,59
1601392474.28125,19,0,59
1601392474.3125,19,0,59
1601392474.34375,19,0,59
1601392474.375,19,0,59
1601392474.40625,19,0,59
1601392474.4375,19,0,59
1601392474.46875,19,0,59
1601392474.5,19,0,59
1601392474.53125,19,0,59
1601392474.5625,19,0,59
1601392474.59375,19,0,59
1601392474.625,19,0,59
1601392474.65625,19,0,59
1601392474.6875,19,0,59
1601392474.71875,19,0,59
1601392474.75,19,0,59
1601392474.78125,19,0,59
1601392474.8125,19,0,59
1601392474.84375,19,0,59
1601392474.875,19,0,59
1601392474.90625,19,0,59
1601392474.9375,19,0,59
1601392474.96875,19,0,59
1601392475.0,19,0,59
1601392475.03125,19,0,59
1601392475.0625,19,0,59
1601392475.09375,19,0,59
1601392475.125,19,0,59
1601392475.15625,19,0,59
1601392475.1875,19,0,59
1601392475.21875,19,0,59
1601392475.25,19,0,59
1601392475.28125,19,0,59
1601392475.3125,19,0,59
1601392475.34375,19,0,59
1601392475.375,19,0,59
1601392475.40625,19,0,59
1601392475.4375,19,0,59
1601392475.46875,19,0,59
1601392475.5,19,0,59
1601392475.53125,19,0,59
1601392475.5625,18,0,59
1601392475.59375,19,0,59
1601392475.625,19,0,59
1601392475.65625,18,0,59
1601392475.6875,19,0,59
1601392475.71875,19,0,59
1601392475.75,19,0,59
1601392475.78125,19,1,59
1601392475.8125,19,1,59
1601392475.84375,19,0,59
1601392475.875,19,0,59
1601392475.90625,19,0,59
1601392475.9375,19,0,59
1601392475.96875,19,0,59
1601392476.0,18,0,59
1601392476.03125,19,0,59
1601392476.0625,19,0,59
1601392476.09375,19,1,59
1601392476.125,19,1,59
1601392476.15625,19,0,59
1601392476.1875,19,0,59
1601392476.21875,19,1,59
1601392476.25,18,0,59
1601392476.28125,19,0,59
1601392476.3125,19,0,59
1601392476.34375,19,1,59
1601392476.375,19,1,59
1601392476.40625,19,1,59
1601392476.4375,19,0,59
1601392476.46875,19,0,59
1601392476.5,18,0,59
1601392476.53125,19,0,59
1601392476.5625,19,0,59
1601392476.59375,19,0,59
1601392476.625,19,0,59
1601392476.65625,19,0,59
1601392476.6875,19,0,59
1601392476.71875,19,0,59
1601392476.75,19,0,59
1601392476.78125,19,0,59
1601392476.8125,19,0,59
1601392476.84375,19,0,59
1601392476.875,19,1,59
1601392476.90625,19,0,59
1601392476.9375,19,0,59
1601392476.96875,19,0,59
1601392477.0,19,0,59
1601392477.03125,19,0,58
1601392477.0625,19,1,59
1601392477.09375,20,1,58
1601392477.125,20,1,59
1601392477.15625,20,1,59
1601392477.1875,19,1,59
1601392477.21875,19,1,59
1601392477.25,19,0,59
1601392477.28125,19,0,59
1601392477.3125,19,0,59
1601392477.34375,19,0,59
1601392477.375,20,1,59
1601392477.40625,19,0,59
1601392477.4375,19,0,59
1601392477.46875,19,1,59
1601392477.5,19,1,59
1601392477.53125,19,0,59
1601392477.5625,19,0,59
1601392477.59375,19,0,59
1601392477.625,19,0,59
1601392477.65625,19,1,59
1601392477.6875,19,0,59
1601392477.71875,19,0,59
1601392477.75,19,0,59
1601392477.78125,19,0,59
1601392477.8125,19,0,59
1601392477.84375,19,1,59
1601392477.875,19,0,59
1601392477.90625,19,0,59
1601392477.9375,19,1,59
1601392477.96875,19,1,59
1601392478.0,19,1,59
1601392478.03125,19,0,59
1601392478.0625,19,0,59
1601392478.09375,19,0,59
1601392478.125,19,0,59
1601392478.15625,19,0,59
1601392478.1875,19,0,59
1601392478.21875,19,0,59
1601392478.25,19,0,59
1601392478.28125,19,1,59
1601392478.3125,19,0,59
1601392478.34375,19,1,59
1601392478.375,19,1,59
1601392478.40625,19,0,59
1601392478.4375,19,0,59
1601392478.46875,19,0,59
1601392478.5,19,1,59
1601392478.53125,19,1,59
1601392478.5625,19,0,59
1601392478.59375,19,0,59
1601392478.625,19,0,59
1601392478.65625,19,0,59
1601392478.6875,19,0,59
1601392478.71875,19,0,59
1601392478.75,19,0,59
1601392478.78125,19,0,59
1601392478.8125,19,0,59
1601392478.84375,19,0,59
1601392478.875,19,0,59
1601392478.90625,19,0,59
1601392478.9375,19,0,59
1601392478.96875,19,0,59
1601392479.0,19,0,59
1601392479.03125,19,0,59
1601392479.0625,19,0,59
1601392479.09375,19,0,59
1601392479.125,19,0,59
1601392479.15625,19,0,59
1601392479.1875,19,0,59
1601392479.21875,19,0,59
1601392479.25,19,0,59
1601392479.28125,19,0,59
1601392479.3125,19,0,59
1601392479.34375,19,0,59
1601392479.375,19,0,59
1601392479.40625,19,0,59
1601392479.4375,19,0,59
1601392479.46875,20,0,59
1601392479.5,19,0,59
1601392479.53125,19,0,59
1601392479.5625,19,0,59
1601392479.59375,19,0,58
1601392479.625,19,0,59
1601392479.65625,20,0,59
1601392479.6875,19,0,59
1601392479.71875,19,0,59
1601392479.75,19,0,58
1601392479.78125,19,0,59
1601392479.8125,20,0,59
1601392479.84375,19,0,59
1601392479.875,19,0,59
1601392479.90625,19,0,58
1601392479.9375,20,0,59
1601392479.96875,20,0,59
1601392480.0,20,0,59
1601392480.03125,20,0,59
1601392480.0625,19,0,59
1601392480.09375,19,0,59
1601392480.125,20,0,59
1601392480.15625,20,0,59
1601392480.1875,20,0,59
1601392480.21875,19,0,59
1601392480.25,20,0,59
1601392480.28125,19,0,58
1601392480.3125,20,0,59
1601392480.34375,20,0,59
1601392480.375,19,0,59
1601392480.40625,19,0,59
1601392480.4375,19,0,58
1601392480.46875,19,0,59
1601392480.5,20,0,59
1601392480.53125,19,0,59
1601392480.5625,19,0,59
1601392480.59375,20,0,59
1601392480.625,19,0,58
1601392480.65625,20,0,59
1601392480.6875,19,0,59
1601392480.71875,19,0,59
1601392480.75,19,0,59
1601392480.78125,19,0,58
1601392480.8125,19,0,59
1601392480.84375,20,0,59
1601392480.875,19,0,59
1601392480.90625,19,0,59
1601392480.9375,19,0,59
1601392480.96875,19,0,59
1601392481.0,20,0,59
1601392481.03125,19,0,59
1601392481.0625,20,0,59
1601392481.09375,19,0,59
1601392481.125,20,0,59
1601392481.15625,19,0,59
1601392481.1875,19,0,59
1601392481.21875,19,0,59
1601392481.25,19,0,59
1601392481.28125,19,0,59
1601392481.3125,19,0,59
1601392481.34375,19,0,59
1601392481.375,20,0,59
1601392481.40625,19,0,59
1601392481.4375,19,0,58
1601392481.46875,19,0,59
1601392481.5,19,0,59
1601392481.53125,19,0,59
1601392481.5625,19,0,59
1601392481.59375,19,0,59
1601392481.625,20,0,59
1601392481.65625,19,0,59
1601392481.6875,19,0,59
1601392481.71875,19,0,59
1601392481.75,19,0,59
1601392481.78125,19,0,58
1601392481.8125,19,0,59
1601392481.84375,20,0,59
1601392481.875,20,0,59
1601392481.90625,19,0,59
1601392481.9375,20,0,59
1601392481.96875,19,0,59
1601392482.0,19,0,59
1601392482.03125,19,0,59
1601392482.0625,19,0,59
1601392482.09375,19,0,58
1601392482.125,19,0,59
1601392482.15625,20,0,59
1601392482.1875,20,0,59
1601392482.21875,20,0,59
1601392482.25,19,0,59
1601392482.28125,19,0,59
1601392482.3125,19,0,59
1601392482.34375,19,1,59
1601392482.375,19,1,59
1601392482.40625,20,0,59
1601392482.4375,19,0,59
1601392482.46875,20,0,59
1601392482.5,19,0,59
1601392482.53125,19,0,59
1601392482.5625,20,0,59
1601392482.59375,19,0,59
1601392482.625,20,0,59
1601392482.65625,20,0,58
1601392482.6875,20,0,59
1601392482.71875,19,0,59
1601392482.75,20,0,59
1601392482.78125,20,0,59
1601392482.8125,20,0,59
1601392482.84375,20,0,59
1601392482.875,19,1,59
1601392482.90625,20,1,59
1601392482.9375,20,0,59
1601392482.96875,20,0,59
1601392483.0,20,0,59
1601392483.03125,19,0,58
1601392483.0625,20,0,58
1601392483.09375,20,0,58
1601392483.125,20,0,59
1601392483.15625,20,1,59
1601392483.1875,20,1,59
1601392483.21875,20,1,59
1601392483.25,20,0,59
1601392483.28125,20,0,59
1601392483.3125,19,0,59
1601392483.34375,19,0,59
1601392483.375,19,0,58
1601392483.40625,20,0,58
1601392483.4375,20,0,59
1601392483.46875,20,0,59
1601392483.5,20,0,59
1601392483.53125,19,1,59
1601392483.5625,20,0,59
1601392483.59375,20,0,59
1601392483.625,20,1,59
1601392483.65625,20,1,59
1601392483.6875,20,1,58
1601392483.71875,20,0,59
1601392483.75,20,0,59
1601392483.78125,19,0,59
1601392483.8125,20,1,59
1601392483.84375,19,1,58
1601392483.875,20,1,58
1601392483.90625,19,1,59
1601392483.9375,19,1,59
1601392483.96875,20,1,59
1601392484.0,20,1,59
1601392484.03125,20,1,59
1601392484.0625,20,0,59
1601392484.09375,20,1,59
1601392484.125,19,1,59
1601392484.15625,19,0,59
1601392484.1875,20,0,59
1601392484.21875,20,0,59
1601392484.25,20,1,59
1601392484.28125,20,0,59
1601392484.3125,20,1,58
1601392484.34375,20,1,59
1601392484.375,20,1,59
1601392484.40625,19,0,59
1601392484.4375,20,0,59
1601392484.46875,19,0,59
1601392484.5,19,0,59
1601392484.53125,20,0,59
1601392484.5625,19,0,59
1601392484.59375,20,1,59
1601392484.625,20,1,58
1601392484.65625,20,1,59
1601392484.6875,20,1,59
1601392484.71875,19,1,59
1601392484.75,19,1,59
1601392484.78125,19,1,59
1601392484.8125,19,1,59
1601392484.84375,20,0,59
1601392484.875,19,0,58
1601392484.90625,19,0,59
1601392484.9375,19,0,59
1601392484.96875,20,0,59
1601392485.0,20,0,59
1601392485.03125,20,1,59
1601392485.0625,20,1,58
1601392485.09375,19,1,58
1601392485.125,20,0,59
1601392485.15625,19,0,59
1601392485.1875,20,0,58
1601392485.21875,19,0,59
1601392485.25,20,0,59
1601392485.28125,20,0,59
1601392485.3125,19,0,59
1601392485.34375,20,1,59
1601392485.375,20,1,59
1601392485.40625,20,0,59
1601392485.4375,20,0,58
1601392485.46875,20,0,59
1601392485.5,20,1,58
1601392485.53125,20,1,59
1601392485.5625,20,0,59
1601392485.59375,19,0,59
1601392485.625,19,1,59
1601392485.65625,20,1,59
1601392485.6875,20,1,59
1601392485.71875,20,0,58
1601392485.75,20,0,59
1601392485.78125,20,0,59
1601392485.8125,20,0,59
1601392485.84375,19,0,59
1601392485.875,20,0,59
1601392485.90625,20,0,59
1601392485.9375,20,1,58
1601392485.96875,20,1,58
1601392486.0,20,1,58
1601392486.03125,20,1,59
1601392486.0625,20,0,59
1601392486.09375,20,0,59
1601392486.125,20,1,59
1601392486.15625,20,1,58
1601392486.1875,20,1,59
1601392486.21875,20,1,59
1601392486.25,20,0,59
1601392486.28125,20,0,59
1601392486.3125,20,1,58
1601392486.34375,20,1,59
1601392486.375,20,1,58
1601392486.40625,19,1,59
1601392486.4375,20,1,58
1601392486.46875,20,1,59
1601392486.5,20,1,58
1601392486.53125,20,1,59
1601392486.5625,20,0,59
1601392486.59375,20,1,58
1601392486.625,19,1,59
1601392486.65625,20,0,59
1601392486.6875,20,0,59
1601392486.71875,20,0,59
1601392486.75,20,0,59
1601392486.78125,19,1,58
1601392486.8125,20,1,58
1601392486.84375,20,1,59
1601392486.875,20,1,59
1601392486.90625,20,0,59
1601392486.9375,20,0,59
1601392486.96875,20,0,59
1601392487.0,19,1,58
1601392487.03125,19,1,59
1601392487.0625,20,0,59
1601392487.09375,19,1,59
1601392487.125,20,1,59
1601392487.15625,20,1,59
1601392487.1875,20,1,59
1601392487.21875,19,1,59
1601392487.25,19,0,59
1601392487.28125,19,1,59
1601392487.3125,19,1,59
1601392487.34375,20,1,59
1601392487.375,20,0,58
1601392487.40625,19,0,59
1601392487.4375,19,0,59
1601392487.46875,19,0,59
1601392487.5,19,0,59
1601392487.53125,20,0,59
1601392487.5625,20,1,59
1601392487.59375,20,1,59
1601392487.625,20,0,59
1601392487.65625,20,0,59
1601392487.6875,19,0,59
1601392487.71875,20,0,59
1601392487.75,20,0,59
1601392487.78125,20,0,59
1601392487.8125,20,0,59
1601392487.84375,20,0,58
1601392487.875,20,1,59
1601392487.90625,20,1,59
1601392487.9375,20,0,59
1601392487.96875,20,0,59
1601392488.0,20,1,59
1601392488.03125,20,0,59
1601392488.0625,19,0,59
1601392488.09375,19,1,59
1601392488.125,19,0,59
1601392488.15625,20,1,59
1601392488.1875,20,1,59
1601392488.21875,20,0,58
1601392488.25,20,0,59
1601392488.28125,20,0,59
1601392488.3125,20,0,59
1601392488.34375,20,0,59
1601392488.375,20,0,59
1601392488.40625,20,1,58
1601392488.4375,20,1,58
1601392488.46875,20,0,58
1601392488.5,20,0,59
1601392488.53125,20,0,59
1601392488.5625,20,0,59
1601392488.59375,20,0,59
1601392488.625,20,1,59
1601392488.65625,20,1,58
1601392488.6875,20,1,58
1601392488.71875,20,0,59
1601392488.75,20,0,59
1601392488.78125,20,0,59
1601392488.8125,20,1,58
1601392488.84375,20,1,58
1601392488.875,20,1,59
1601392488.90625,20,1,59
1601392488.9375,20,1,59
1601392488.96875,20,1,59
1601392489.0,20,1,59
1601392489.03125,20,1,59
1601392489.0625,20,0,58
1601392489.09375,20,1,59
1601392489.125,20,1,59
1601392489.15625,20,0,59
1601392489.1875,20,1,59
1601392489.21875,20,1,58
1601392489.25,20,1,59
1601392489.28125,20,1,59
1601392489.3125,20,0,59
1601392489.34375,20,1,59
1601392489.375,20,1,59
1601392489.40625,20,0,59
1601392489.4375,20,0,59
1601392489.46875,20,1,59
1601392489.5,20,0,59
1601392489.53125,19,1,59
1601392489.5625,20,1,59
1601392489.59375,20,0,59
1601392489.625,20,1,59
1601392489.65625,20,1,59
1601392489.6875,20,0,59
1601392489.71875,20,1,59
1601392489.75,19,1,59
1601392489.78125,19,1,59
1601392489.8125,19,1,59
1601392489.84375,20,1,59
1601392489.875,20,0,59
1601392489.90625,20,0,59
1601392489.9375,19,1,59
1601392489.96875,19,1,59
1601392490.0,19,0,59
1601392490.03125,20,1,59
1601392490.0625,20,1,59
1601392490.09375,20,1,58
1601392490.125,20,1,59
1601392490.15625,20,1,59
1601392490.1875,19,1,59
1601392490.21875,20,0,59
1601392490.25,20,1,59
1601392490.28125,20,1,59
1601392490.3125,20,1,59
1601392490.34375,19,0,59
1601392490.375,19,0,59
1601392490.40625,20,1,59
1601392490.4375,19,1,59
1601392490.46875,20,1,59
1601392490.5,20,0,59
1601392490.53125,20,1,59
1601392490.5625,20,1,59
1601392490.59375,20,1,59
1601392490.625,20,1,59
1601392490.65625,19,1,59
1601392490.6875,20,1,59
1601392490.71875,20,1,59
1601392490.75,20,1,59
1601392490.78125,20,1,59
1601392490.8125,19,0,59
1601392490.84375,19,0,59
1601392490.875,19,0,59
1601392490.90625,20,1,59
1601392490.9375,20,1,58
1601392490.96875,21,1,58
1601392491.0,20,1,58
1601392491.03125,20,1,59
1601392491.0625,19,1,59
1601392491.09375,20,1,59
1601392491.125,20,1,59
1601392491.15625,20,1,59
1601392491.1875,20,0,58
1601392491.21875,20,1,58
1601392491.25,20,1,59
1601392491.28125,20,1,59
1601392491.3125,20,1,59
1601392491.34375,20,0,58
1601392491.375,20,0,58
1601392491.40625,20,1,58
1601392491.4375,20,1,59
1601392491.46875,20,1,59
1601392491.5,19,1,59
1601392491.53125,19,1,59
1601392491.5625,20,1,59
1601392491.59375,20,1,59
1601392491.625,20,1,59
1601392491.65625,20,1,59
1601392491.6875,19,1,59
1601392491.71875,19,1,58
1601392491.75,20,1,59
1601392491.78125,20,1,59
1601392491.8125,20,1,59
1601392491.84375,21,1,59
1601392491.875,20,1,59
1601392491.90625,19,1,58
1601392491.9375,19,1,59
1601392491.96875,20,1,59
1601392492.0,19,1,59
1601392492.03125,20,1,59
1601392492.0625,19,1,59
1601392492.09375,20,1,59
1601392492.125,20,1,59
1601392492.15625,19,1,59
1601392492.1875,19,1,59
1601392492.21875,20,1,59
1601392492.25,19,1,59
1601392492.28125,20,1,59
1601392492.3125,19,1,59
1601392492.34375,19,1,59
1601392492.375,19,1,59
1601392492.40625,19,1,59
1601392492.4375,19,1,59
1601392492.46875,19,1,59
1601392492.5,20,1,59
1601392492.53125,19,0,59
1601392492.5625,19,1,59
1601392492.59375,19,1,59
1601392492.625,19,1,59
1601392492.65625,19,1,59
1601392492.6875,20,1,59
1601392492.71875,19,1,59
1601392492.75,20,1,59
1601392492.78125,19,1,59
1601392492.8125,19,1,59
1601392492.84375,19,1,59
1601392492.875,19,1,59
1601392492.90625,19,1,59
1601392492.9375,19,1,59
1601392492.96875,19,0,59
1601392493.0,19,1,59
1601392493.03125,19,1,59
1601392493.0625,19,1,59
1601392493.09375,19,1,59
1601392493.125,19,1,59
1601392493.15625,19,1,59
1601392493.1875,19,1,59
1601392493.21875,19,1,59
1601392493.25,19,1,59
1601392493.28125,19,1,59
1601392493.3125,19,1,59
1601392493.34375,19,1,59
1601392493.375,19,1,59
1601392493.40625,19,1,59
1601392493.4375,20,1,59
1601392493.46875,20,1,59
1601392493.5,20,1,59
1601392493.53125,19,1,59
1601392493.5625,20,1,59
1601392493.59375,19,1,59
1601392493.625,19,1,59
1601392493.65625,20,1,59
1601392493.6875,20,1,59
1601392493.71875,19,1,59
1601392493.75,20,1,59
1601392493.78125,19,1,59
1601392493.8125,20,1,59
1601392493.84375,19,1,59
1601392493.875,19,1,59
1601392493.90625,19,1,59
1601392493.9375,19,1,59
1601392493.96875,19,1,59
1601392494.0,19,1,59
1601392494.03125,19,0,59
1601392494.0625,19,1,59
1601392494.09375,19,1,59
1601392494.125,19,0,59
1601392494.15625,19,1,59
1601392494.1875,19,1,58
1601392494.21875,19,1,59
1601392494.25,20,1,59
1601392494.28125,20,1,59
1601392494.3125,19,0,59
1601392494.34375,20,1,59
1601392494.375,18,1,58
1601392494.40625,18,1,58
1601392494.4375,19,1,59
1601392494.46875,18,2,59
1601392494.5,19,2,59
1601392494.53125,19,1,59
1601392494.5625,20,1,59
1601392494.59375,19,1,59
1601392494.625,19,1,59
1601392494.65625,19,1,59
1601392494.6875,18,1,59
1601392494.71875,18,0,60
1601392494.75,18,0,59
1601392494.78125,18,1,59
1601392494.8125,18,1,59
1601392494.84375,19,1,59
1601392494.875,18,1,59
1601392494.90625,18,1,59
1601392494.9375,18,1,59
1601392494.96875,18,1,59
1601392495.0,18,0,59
1601392495.03125,18,0,59
1601392495.0625,18,0,59
1601392495.09375,18,1,59
1601392495.125,18,1,59
1601392495.15625,19,0,59
1601392495.1875,18,0,59
1601392495.21875,18,0,59
1601392495.25,18,1,59
1601392495.28125,18,0,59
1601392495.3125,19,1,59
1601392495.34375,19,1,59
1601392495.375,19,0,59
1601392495.40625,19,0,59
1601392495.4375,18,0,59
1601392495.46875,18,0,60
1601392495.5,18,1,59
1601392495.53125,18,1,59
1601392495.5625,18,0,59
1601392495.59375,19,1,59
1601392495.625,19,0,59
1601392495.65625,19,0,59
1601392495.6875,18,0,59
1601392495.71875,18,0,59
1601392495.75,18,0,59
1601392495.78125,18,0,59
1601392495.8125,18,0,59
1601392495.84375,19,0,59
1601392495.875,19,0,59
1601392495.90625,19,0,59
1601392495.9375,19,0,59
1601392495.96875,18,0,59
1601392496.0,18,0,59
1601392496.03125,19,0,59
1601392496.0625,18,0,59
1601392496.09375,19,0,59
1601392496.125,19,0,59
1601392496.15625,19,0,59
1601392496.1875,19,0,59
1601392496.21875,19,0,59
1601392496.25,18,0,59
1601392496.28125,18,0,59
1601392496.3125,19,0,59
1601392496.34375,19,0,59
1601392496.375,19,0,59
1601392496.40625,19,0,59
1601392496.4375,19,0,59
1601392496.46875,18,0,59
1601392496.5,19,0,59
1601392496.53125,19,0,59
1601392496.5625,19,0,59
1601392496.59375,19,0,59
1601392496.625,19,0,59
1601392496.65625,19,0,59
1601392496.6875,19,0,59
1601392496.71875,19,0,59
1601392496.75,19,1,59
1601392496.78125,19,0,59
1601392496.8125,19,0,59
1601392496.84375,19,0,59
1601392496.875,18,0,59
1601392496.90625,19,0,59
1601392496.9375,19,0,59
1601392496.96875,19,0,59
1601392497.0,19,0,59
1601392497.03125,19,1,59
1601392497.0625,19,1,59
1601392497.09375,19,0,59
1601392497.125,19,0,59
1601392497.15625,19,0,59
1601392497.1875,19,0,59
1601392497.21875,19,0,59
1601392497.25,19,0,59
1601392497.28125,19,0,59
1601392497.3125,19,0,59
1601392497.34375,19,0,59
1601392497.375,19,0,59
1601392497.40625,19,0,59
