id,start_timestamp,duration,end_timestamp,start_frame_index,index,end_frame_index,confidence,filter_response,base_data
1,14674.864944,0.16756899999927555,14675.032513,26,28,31,0.5291675623459078,0.560160388363165 0.7151487236017275 0.7536133846013691 0.4735474574414891 0.2961654610582501 -0.022407987334829876 -0.3812840986656391 -0.7022531460354194 -0.7452649085169483 -0.6418300678402408,14674.864944 14674.87615 14674.898463000001 14674.909747 14674.932196 14674.942738 14674.965052000001 14674.976151 14674.99874 14675.012644
2,14675.176073,0.17215000000032887,14675.348223,35,37,40,0.5420888769336771,0.5121794419130881 0.6973646270982734 0.7411069104283375 0.8196298197564769 0.5041289484160432 0.1498849665850185 -0.15481906597737854 -0.4888097634848834 -0.5363634692410427 -0.8166017564362287,14675.176073 14675.198228000001 14675.209017000001 14675.231292 14675.242149 14675.264930000001 14675.290885 14675.299055000001 14675.313446 14675.340589000001
3,14675.745235,0.1343799999995099,14675.879615,52,54,56,0.4314701352369067,0.5734936100900917 0.6381387846741305 0.5962499471749438 0.27498333987066587 0.040331768365157616 -0.27496136047850284 -0.40126076291996804 -0.6523415083217937,14675.745235 14675.747167000001 14675.778825000001 14675.780632 14675.812089000001 14675.813459 14675.845682000001 14675.847294000001
4,14677.300016000001,0.1675199999990582,14677.467536,99,101,104,0.5036250440909827,0.5638974093051053 0.5462597004977502 0.683175115031888 0.6549393291800324 0.4959927157093196 0.16880508263643118 -0.18416036720891824 -0.25547412751090415 -0.5636021445335105 -0.6312619511752359 -0.7923075422117147,14677.300016000001 14677.3055 14677.333949 14677.338535 14677.386269 14677.386293000001 14677.400333000001 14677.404827 14677.40834 14677.438095000001 14677.440441
5,14681.890742000001,0.13337499999943248,14682.024117,236,238,240,0.4991566437227074,0.6403180476323713 0.5865203328311268 0.5503578862766741 0.2147807908387414 -0.11684360227118044 -0.42584856250790626 -0.7469752200115285 -0.7116087074121306,14681.890742000001 14681.895632 14681.927171000001 14681.930307 14681.957213 14681.966897 14681.990762000001 14681.996552
6,14682.324115000001,0.13306399999964924,14682.457179,249,251,253,0.45288932230394663,0.5071035563189019 0.6434016786435157 0.564984703101701 0.23937370295236277 -0.06892751407381763 -0.37836932116726124 -0.4611991349540823 -0.7597549672199302,14682.324115000001 14682.332467 14682.357333 14682.365842000001 14682.390644000001 14682.399502 14682.424140000001 14682.449256
7,14682.737344000001,0.16675299999951676,14682.904097,262,264,267,0.5734593367288741,0.5295241320574724 0.6837485233942666 0.7978687509181026 0.7439926284144233 0.3841400954271821 0.0348465914892843 -0.29031727624922754 -0.6092129760504957 -0.8177090944930954 -0.8432332987951922,14682.737344000001 14682.768405 14682.770824000001 14682.801318 14682.804034 14682.834678000001 14682.837491 14682.868214 14682.870727000001 14682.901513
8,14685.401985,0.19499399999949674,14685.596979,342,345,348,0.5234108229134635,0.5755597547392642 0.7279947925641066 0.7134453446386267 0.6390187193704504 0.3563700498859606 0.006552338308130828 -0.3096704022360824 -0.5974857456866989 -0.6560348949694007 -0.6519761867359132,14685.401985 14685.428508 14685.435401 14685.466467 14685.4923 14685.51027 14685.523913 14685.546013000001 14685.563773 14685.580147
9,14686.037799,0.11744300000100338,14686.155242,361,362,364,0.3961323126699217,0.5164671663763282 0.4997926637924832 0.45632228549393133 0.1355022938876783 -0.151391020897749 -0.2841699815605959 -0.5667324890840266 -0.5586806002665813,14686.037799 14686.037847000001 14686.05542 14686.055421000001 14686.088394 14686.088503 14686.121902 14686.121902
10,14689.647568,0.1448789999994915,14689.792447,469,471,473,0.6352389429301345,0.6115398794250415 0.7891609261271085 0.8898161838289823 0.8883213565467619 0.5459564628680411 0.200981337519915 -0.1161815117650692 -0.4429620451141416 -0.7440408679918135 -0.9715643592361012 -0.7871034418085036,14689.647568 14689.647603000001 14689.658792 14689.660582 14689.66847 14689.691725 14689.693894 14689.724868000001 14689.727184000001 14689.758766 14689.760865
11,14689.89546,0.12939600000026985,14690.024856,476,478,480,0.45488753880982563,0.5342413629018553 0.6565865411174474 0.571334721507896 0.6907166888818911 0.43277955336208657 0.08455882265117416 -0.21399508124642927,14689.89546 14689.925209 14689.928672 14689.958938 14689.965936 14689.992466 14689.999249
12,14690.291759,0.16884200000095007,14690.460601,488,490,493,0.4575386355540997,0.5096446697181622 0.6428315575298936 0.6414873777892421 0.4922947664127976 0.1451883997254471 0.1418344035723163 -0.20060877342130087 -0.4878412275976031 -0.5789967388090832 -0.7346584409651504,14690.291759 14690.29875 14690.325082000001 14690.332448000001 14690.358389 14690.365582 14690.392128000001 14690.398835 14690.425248000001 14690.432631
13,14690.665985000001,0.16671599999972386,14690.832701000001,500,502,505,0.5876834563922644,0.6441730948370678 0.8472738247087468 0.8325092523817985 0.6697994665494993 0.36409850199592614 0.006508307452723545 -0.28822772026486687 -0.6394829803968439 -0.7054026242601479 -0.8793587910750227,14690.665985000001 14690.692566 14690.699309000001 14690.725806 14690.732222 14690.759358000001 14690.765782 14690.792590000001 14690.799219 14690.826112
14,14691.03262,0.19336699999985285,14691.225987,511,513,516,0.590414081835958,0.6284354640496438 0.7878566629475352 0.8146189795834058 0.6556602465015884 0.3611580787115641 0.02138419815920163 -0.2819865226511586 -0.609208130371569 -0.7225859251639811 -0.8869308981983102 -0.7247297938575801,14691.03262 14691.059321 14691.065568 14691.092718 14691.099521 14691.125948 14691.132775 14691.159428 14691.166557 14691.192774000001 14691.199175
15,14691.660952,0.1443859999999404,14691.805338,529,531,534,0.47105822516123497,0.6249089179174399 0.5681364321410045 0.46985821680198414 0.1613314844985064 -0.11909397575178277 -0.42718476630611185 -0.7392833842130354 -0.6586686236600146,14691.660952 14691.667595 14691.693511000001 14691.70039 14691.754534 14691.754698 14691.772644 14691.775336
16,14692.844372000001,0.1321349999998347,14692.976507000001,565,567,569,0.47341567078328706,0.5181716943243251 0.5757510263818943 0.6240722801054627 0.6461519046141271 0.29221961400709867 -0.024889061278523267 -0.34343991509607424 -0.4897846812015859 -0.7462608600404924,14692.844372000001 14692.885258 14692.885413 14692.906977 14692.909903 14692.917289 14692.94035 14692.94347 14692.974039
17,14693.058374,0.1560860000008688,14693.214460000001,571,573,576,0.6496088395404227,0.6990932552626833 1.001136961588568 0.817803628255235 0.6344702949219017 0.33355802226582904 -0.014690744703922478 -0.35011630343619365 -0.6626527920384079 -0.8108593880597071 -0.9619826049183238 -0.8593332394938791,14693.058374 14693.081201 14693.081742 14693.092146 14693.114870000001 14693.114870000001 14693.148245 14693.148346 14693.181293000001 14693.181293000001 14693.214452
18,14693.314919,0.15765300000020943,14693.472572,579,581,584,0.5434955042636861,0.6765467334676669 0.6862377275585522 0.6907911954858864 0.3459432267132808 0.012551445506796814 -0.3217739541569163 -0.6446808920210076 -0.7312199818339428 -0.7817143816291257,14693.314919 14693.315315 14693.348477000001 14693.348477000001 14693.395718 14693.395796 14693.421396 14693.422856000001 14693.455049
19,14693.906136000001,0.1512509999993199,14694.057387,597,599,601,0.4956281215436781,0.5718447307548215 0.6478205412041204 0.6244700594873278 0.5156119161265448 0.16629518845297894 -0.1818181673602239 -0.4881396161101898 -0.6231860903923112 -0.641466784004585,14693.906136000001 14693.922771000001 14693.940966 14693.958444 14693.97297 14693.991428000001 14694.005976 14694.024377 14694.039556
20,14696.248520000001,0.133295999999973,14696.381816000001,667,669,671,0.44672976469580267,0.540705347858779 0.6904965223235345 0.6851402660143755 0.36711025825571914 0.3275311554861656 0.016615480057987173 -0.3173663981696706 -0.6288726894001899,14696.248520000001 14696.252805 14696.281827 14696.285855 14696.315405000001 14696.319288 14696.348525000001 14696.352591
21,14701.936328,0.14586600000075123,14702.082194,838,840,842,0.349326478469464,0.5522113076985196 0.6029233079637184 0.4379887235756919 0.19142471402689085 0.05478563891895809 0.08044635808307517 -0.1869455421384316 -0.4415098681692364 -0.5957028456506547,14701.936328 14701.948942 14701.96952 14701.982543 14702.002872000001 14702.016176000001 14702.044986 14702.049172 14702.069081000001
22,14704.985943,0.14025000000037835,14705.126193,929,931,933,0.5260858148536114,0.6113080514801873 0.6860097891459305 0.8205452872351908 0.4830159420387131 0.1378378564531866 -0.1394951161440062 -0.44307925469635384 -0.5558222309849058 -0.857658805504028,14704.985943 14704.992395000001 14705.01935 14705.026302 14705.053283000001 14705.060585000001 14705.085907 14705.092935 14705.119232000001
23,14706.260993,0.16691700000046694,14706.42791,967,969,972,0.5925761057697795,0.6232728671144553 0.8003777265548702 0.9701985120773315 0.6183729807535807 0.30638647090871074 -0.02604205332055063 -0.305863828898237 -0.6261834726252922 -0.9384310138409769 -0.7106321316037899,14706.260993 14706.261594000001 14706.297683 14706.297802000001 14706.32776 14706.336029 14706.360669 14706.361597000001 14706.39621 14706.396466
24,14707.163411000001,0.18584999999984575,14707.349261000001,995,997,1000,0.5923404140873582,0.5397902042777449 0.6973097721735635 0.8646770980623031 0.7273481510303637 0.4269179335702418 0.13538752091395237 -0.17962165625867307 -0.4777587029313527 -0.7795507284974537 -0.9281228224080951 -0.759259964837196,14707.163411000001 14707.167162 14707.196728 14707.200644 14707.229617 14707.233904 14707.263193 14707.267542000001 14707.296616000001 14707.30073 14707.334091
25,14708.487276,0.10010400000101072,14708.58738,1034,1035,1037,0.43040544757341115,0.6228111518753899 0.5988844694914639 0.6894369716997495 0.38057166021302663 0.03689791398039366 -0.25383051818044305,14708.487276 14708.492642000001 14708.520320000001 14708.526578 14708.553681000001 14708.559561
26,14709.869866000001,0.12936699999954726,14709.999233,1076,1078,1080,0.5119981312378955,0.5746776095242947 0.7553618594452185 0.7131298511116592 0.4498303735869255 0.18452524301690235 -0.10047960897778853 -0.4210011579200719 -0.7303505687398872 -0.6786269088183119,14709.869866000001 14709.869944 14709.89369 14709.898168 14709.926950000001 14709.93144 14709.960307000001 14709.965422000001 14709.99388
27,14714.461326,0.09936600000037288,14714.560692000001,1213,1214,1216,0.2963956737693708,0.5759068947463144 0.24243611530970857 0.10484731360470871 -0.22618182778605636 -0.3289842724780487 -0.30001761869138815,14714.461326 14714.461675 14714.494922 14714.495303 14714.527740000001 14714.528311
28,14714.889241,0.1704699999991135,14715.059711,1226,1228,1231,0.5841667012354299,0.5567740634465601 0.7298080691414791 0.8552274231387452 0.7239311781734142 0.5667199870490279 0.25559251644974756 -0.08391304386005094 -0.41831369990674167 -0.7303449756029664 -0.6731750080248683 -0.8320337487961266,14714.889241 14714.893216 14714.922845000001 14714.925935000001 14714.956028 14714.959875 14714.989732 14714.993260000001 14715.023031 14715.026006 14715.058946000001
29,14715.607267000001,0.18053899999904388,14715.787806,1248,1250,1253,0.47971893287770295,0.528200946448084 0.6841220833394842 0.5418659870055692 0.6102093600334755 0.44447221014144533 0.25517629334585773 -0.08423231184116962 -0.4216727698916502 -0.32602092826801393 -0.6057185179539302 -0.7752168533860531,14715.607267000001 14715.638207 14715.640308 14715.671811 14715.673741 14715.70518 14715.707295 14715.738720000001 14715.740432 14715.773912 14715.778791
30,14716.389627,0.11993600000096194,14716.509563000001,1271,1273,1275,0.4128033622197556,0.575583345360226 0.5467011673759703 0.7365940598602818 0.40162751466699836 0.2601472255433219 -0.057103595782191985 -0.37672630656998507 -0.3479436825990695,14716.389627 14716.389718 14716.409883 14716.41065 14716.443102000001 14716.443568 14716.475576 14716.476382
31,14718.116622000001,0.11599500000011176,14718.232617000001,1323,1325,1327,0.3488411421894991,0.5228443531941456 0.5664873138485099 0.2159704466523918 0.12456118574078397 0.010849082420482839 -0.325014713124883 -0.6761609003452965,14718.116622000001 14718.146929 14718.149372 14718.164829000001 14718.208705000001 14718.208705000001 14718.231935
32,14719.564785,0.1678830000000744,14719.732668,1367,1369,1372,0.5365051684087776,0.6217622425821092 0.6884866576430253 0.8750209166974212 0.5495467899978116 0.3643616048126264 0.049455519833604494 -0.2919858668837327 -0.38587658438425765 -0.7501714091610837 -0.569852037657848 -0.7550372228430333,14719.564785 14719.565858 14719.598714 14719.599470000001 14719.63159 14719.632752000001 14719.664783 14719.666105 14719.697957 14719.699540000001 14719.731356
33,14722.192732000001,0.2237649999988207,14722.416497,1445,1448,1452,0.5574449814852196,0.5810394814545587 0.7120843328636229 0.7467517698983562 0.8478505414740167 0.5160814783255518 0.2944757635010874 -0.07404275501743093 -0.38160733589946794 -0.5174337536915102 -0.8008988632446783 -0.659628720967134,14722.192732000001 14722.225301 14722.225624 14722.258491 14722.259115 14722.291889 14722.292585000001 14722.324803000001 14722.325667000001 14722.395329 14722.395366
34,14722.987806000001,0.0996949999989738,14723.087501,1469,1470,1472,0.32187528234795154,0.5094485055762935 0.416943178598811 0.07997287387900015 -0.019823977204651348 -0.33919903080467984 -0.3203247158254091 -0.567414694546816,14722.987806000001 14722.988651000001 14723.017133000001 14723.020509 14723.049715000001 14723.053974 14723.083255000001
35,14723.86374,0.09519100000034086,14723.958931000001,1496,1497,1498,0.2598024952537454,0.5666107615472437 0.23763821219707026 0.16278995080391445 0.11050140168184776 -0.20409935298536352 -0.2771752923070324,14723.86374 14723.863765 14723.890362 14723.893837000001 14723.927950000001 14723.928124
36,14725.80415,0.13322400000106427,14725.937374000001,1554,1556,1558,0.33142644244841996,0.5666587158512056 0.4743330039920719 0.5890287273960458 0.31232957293075925 0.13710199489123687 0.06848825112242163 -0.27348776718275636 -0.22998350622086217,14725.80415 14725.810461000001 14725.83747 14725.844427 14725.872271 14725.877329 14725.905071000001 14725.911521
37,14727.378226,0.19505799999933515,14727.573284,1601,1604,1607,0.5425615875155948,0.5917377493999623 0.7345966277299102 0.8517223842608758 0.5289513979189859 0.23730856538845269 -0.0971275978074045 -0.3282278082444728 -0.6353212695990463 -0.8079076035496382 -0.6127148712572006,14727.378226 14727.386693 14727.409653 14727.420162 14727.444238 14727.453034 14727.476717000001 14727.487485000001 14727.510499 14727.519947
38,14728.642759,0.4711860000006709,14729.113945000001,1639,1646,1653,0.3687184823897329,0.5571953234849151 0.5987759005432319 0.7652574572590204 0.8770446219118099 0.5960614147628701 0.4463413905833409 0.277231854041508 0.3290826378080397 0.15324926685755272 0.013656491265455175 0.2057949374604204 0.20579493746042027 0.20579493746042007 0.09606922309748257 0.09606922309748249 0.0960692230974826 -1.1089708297795192e-16 -1.524834890946839e-16 1.386213537224399e-16 5.544854148897596e-17 -0.14056231877154093 -0.32389565210487437 -0.4617664605473081 -0.6388934288957758 -0.7992672093582526 -0.9626342136644807 -0.8450712116686128 -0.6325381717102241,14728.642759 14728.668385 14728.676559000001 14728.701693 14728.710294 14728.735213 14728.74308 14728.768557000001 14728.779973 14728.801827000001 14728.814432000001 14728.835164 14728.847247 14728.868341000001 14728.880901 14728.901579000001 14728.913535 14728.935261 14728.946946 14728.968166 14728.980428 14729.001999 14729.013632 14729.034984 14729.047187 14729.068579 14729.083282000001 14729.113616
39,14729.280008,0.13382700000147452,14729.413835000001,1658,1660,1662,0.48559082748155546,0.6457595658694568 0.7913018453071929 0.7601284655790159 0.45225126663271176 0.16132232003169186 0.0696748210806943 -0.25876426669873953 -0.5906357541749468 -0.6404791419595498,14729.280008 14729.280204 14729.313349 14729.313445 14729.34683 14729.347006 14729.380402 14729.380402 14729.413598000001
40,14729.980903000001,0.17853499999910127,14730.159438,1679,1681,1684,0.5135509186180985,0.5903512493320053 0.6647420033308238 0.8327520696384948 0.5207846643253025 0.2290357268777172 0.18719623088661408 -0.16496028458805845 -0.44112778019474136 -0.77416465620728 -0.6799283322622329 -0.5640171071558128,14729.980903000001 14729.983577 14730.014356 14730.01751 14730.048620000001 14730.051326 14730.087902000001 14730.100284 14730.117682 14730.125829 14730.150826000001
41,14730.663056000001,0.20136099999945145,14730.864417,1700,1703,1706,0.6442707128730819,0.5264485765386508 0.684096382723914 0.8396616357344167 0.9454905214133086 0.6046473496100182 0.2630646005434889 -0.06195241901093152 -0.409548218863232 -0.737299778103079 -1.0534092808601159 -0.8981593058779048 -0.7074704851979224,14730.663056000001 14730.684197 14730.698467 14730.717929 14730.733734000001 14730.752225 14730.765249 14730.78399 14730.799686 14730.816933 14730.831005 14730.850549
42,14732.522035,0.16829300000063085,14732.690328,1755,1757,1760,0.5235597754002991,0.5143380165100095 0.6389593746927048 0.7313958216695101 0.887636406343215 0.6220273909688447 0.33647407690114545 -0.019315378810727566 -0.27358529730511943 -0.380484428532637 -0.6955738750596233 -0.6593674626097532,14732.522035 14732.543310000001 14732.554639 14732.577484000001 14732.593217000001 14732.623909 14732.638128 14732.652314 14732.656862 14732.668239 14732.686005000001
43,14735.579939000001,0.1541079999988142,14735.734047,1847,1849,1852,0.3819870429046175,0.5363026985977468 0.5278830178486482 0.3886722086884863 0.35057101651894834 0.273374905831708 -0.0594985136473792 -0.3476667276329637 -0.40391285964639 -0.5500014377292871,14735.579939000001 14735.602372000001 14735.614051 14735.634935 14735.648683000001 14735.667471 14735.680735 14735.700837 14735.714071
44,14738.892858000001,0.19946299999901385,14739.092321,1946,1949,1952,0.6119872524287439,0.5787513409051703 0.7402069346324234 0.9124480440212692 0.7360773592739268 0.4785341832582839 0.1596195593413248 -0.12985694348338775 -0.4539159729036046 -0.7664376071820783 -0.9232256494801482 -0.8151620603201074 -0.649611374343201,14738.892858000001 14738.894188 14738.927166000001 14738.92843 14738.959266 14738.961292 14738.993066 14738.994596 14739.025379 14739.027197000001 14739.061435000001 14739.061435000001
45,14739.264127,0.1950780000006489,14739.459205000001,1958,1960,1963,0.6037740555779052,0.5608673007399946 0.7433600227038063 0.7885224068606339 0.8416993640087267 0.49873387645645634 0.16541817854230786 -0.14519887761554612 -0.4589722866995835 -0.7191975893428295 -0.9654770166416227 -0.7540676917454497,14739.264127 14739.292036 14739.293816000001 14739.32537 14739.327193000001 14739.364819 14739.364856 14739.392245000001 14739.39393 14739.425755 14739.427533
46,14744.896278,0.20002200000089942,14745.096300000001,2127,2130,2133,0.5257073597697463,0.5288035971886638 0.6887926075933212 0.81939371345993 0.7841571050052987 0.4997190503772656 0.33899615226486274 0.079960483071945 -0.24585880264272472 -0.577133270570163 -0.6120471384551828 -0.5001693112078176 -0.63345708539978,14744.896278 14744.908097000001 14744.92965 14744.939459000001 14744.962360000001 14744.973002 14744.996232000001 14745.006211 14745.02928 14745.039666 14745.063002 14745.072900000001
47,14745.375862,0.1206239999992249,14745.496486,2141,2143,2145,0.41259982204226914,0.5419114265472067 0.5190379668870044 0.6769998233228507 0.5682935576836692 0.41059200797703344 0.1298980508778253 -0.21658918911876687 -0.2374765539237964,14745.375862 14745.375961 14745.396101 14745.406480000001 14745.429358000001 14745.44032 14745.463033 14745.476297000001
48,14746.259533,0.1653040000001056,14746.424837,2167,2169,2172,0.5561806869979534,0.6371128179229311 0.8133743047534657 0.6986338619546884 0.38283185338979664 0.0983604519279481 -0.2215442220546015 -0.5293887571228308 -0.859667498111668 -0.7647124157436496,14746.259533 14746.290674 14746.291561 14746.323785 14746.325154 14746.357335 14746.358892 14746.390966 14746.392421
49,14748.795896000001,0.16678899999897112,14748.962685,2243,2246,2249,0.49651117216902985,0.5682650208473203 0.7274388825451884 0.6875666000224925 0.6406553400887384 0.2974083392708389 -0.0005259964201185508 -0.3310913253713537 -0.6246203038427564 -0.5910287411124616,14748.795896000001 14748.823652000001 14748.828959 14748.857588 14748.863142 14748.889686 14748.89639 14748.924286000001 14748.929737
50,14750.980281,0.1657709999999497,14751.146052,2309,2311,2314,0.6236349408714859,0.5707532057055722 0.7754843875213908 0.9432725994675245 0.8357731739679969 0.479206766464092 0.1377058837148877 -0.20796409006471991 -0.555393957208704 -0.894557443813041 -0.8362379007869294,14750.980281 14750.999072 14751.017147 14751.032796000001 14751.046597 14751.06543 14751.079661 14751.099148000001 14751.112946000001 14751.131790000001
51,14751.377994,0.20340700000087963,14751.581401000001,2321,2324,2327,0.6381793249773918,0.5215800801912942 0.7250480188263784 0.9021609911212213 0.9278858701074949 0.7452208907202822 0.40386161315400826 0.046142065493746214 -0.30226660925852455 -0.6590753334852993 -0.7455050265034425 -0.9194961503386883 -0.7599092505283211,14751.377994 14751.38002 14751.403081 14751.411166 14751.436696 14751.444729 14751.469909000001 14751.47862 14751.505799 14751.511722000001 14751.547505 14751.54786
52,14753.399387000001,0.1662769999984448,14753.565664,2382,2384,2387,0.4840222331735399,0.5631010701783421 0.6273221238705904 0.7503152721255271 0.3998623474677764 0.3077396270678399 -0.028150052346414423 -0.3623043425280333 -0.46149030475312647 -0.7626944415391167 -0.5772427498586324,14753.399387000001 14753.424063 14753.432315 14753.465371 14753.468603000001 14753.493263 14753.499411 14753.524436 14753.532403000001 14753.558710000001
53,14755.750694,0.1655879999998433,14755.916282,2452,2454,2457,0.5634336114334123,0.5069338636961624 0.6629731392010871 0.8481583243862721 0.8173060643425522 0.629073296098687 0.2751902455509815 -0.06431627682193544 -0.38562152750194045 -0.7145351344811693 -0.7302282422533349,14755.750694 14755.774072 14755.78288 14755.8035 14755.816376 14755.836290000001 14755.849441 14755.869429 14755.882939000001 14755.902871
54,14758.911785,0.11563800000112678,14759.027423000001,2547,2548,2550,0.3151652807932396,0.5034141607866072 0.4960034107788686 0.1799090279397048 -0.11321005821989534 -0.12914894255180284 -0.2343199480554219 -0.5501514172203763,14758.911785 14758.927022 14758.940176 14758.960421 14758.973026000001 14758.993878000001 14759.006430000001
55,14760.359668000001,0.22271699999873817,14760.582385,2590,2593,2597,0.6063856440502436,0.5431313264940174 0.6720851917748754 0.8189814459081706 0.9155055158980913 0.7612112877858351 0.5760261026006501 0.2669913088446375 -0.04526891608641639 -0.32685052983899343 -0.597591432514892 -0.7419272918665798 -0.88340208411746 -0.73404093892255,14760.359668000001 14760.381942 14760.392705 14760.415409000001 14760.425264000001 14760.448019000001 14760.458404 14760.481156 14760.491899 14760.515132 14760.525337000001 14760.548532 14760.559008
56,14762.100821,0.15599199999996927,14762.256813,2643,2645,2647,0.4941289981396679,0.6482020128084603 0.6225339412541632 0.5317914914608398 0.24547745655734898 -0.10400526078008278 -0.38931698839218953 -0.741494210961973 -0.6702106229022852,14762.100821 14762.10859 14762.138071000001 14762.142137 14762.202392000001 14762.202395 14762.226637 14762.227991
57,14763.027331000001,0.10035699999934877,14763.127688,2670,2671,2673,0.3918526816076984,0.5962348646514434 0.5164313775448375 0.5857197240620257 0.3249514672564646 0.030872933960232718 -0.29690572217118705,14763.027331000001 14763.032019 14763.060800000001 14763.066105 14763.094305 14763.099767
58,14767.36706,0.1117259999991802,14767.478786,2801,2802,2804,0.4398215642908476,0.5906365729795175 0.76813368617204 0.4527393689998157 0.532231059470735 0.4112834516229512 0.072317945346141 -0.2514088654447332,14767.36706 14767.379292000001 14767.401577 14767.412663000001 14767.433629000001 14767.445992 14767.466764
59,14768.370664,0.14212100000077044,14768.512785,2831,2833,2835,0.5676739923102394,0.6061215643529537 0.7726882784454912 0.8312734827659923 0.49854021323347064 0.17030283198711602 -0.13596528164367325 -0.45684847624918234 -0.7736985336038625 -0.8636272685104119,14768.370664 14768.373399 14768.404524000001 14768.407191 14768.437832000001 14768.441276000001 14768.476647000001 14768.478632 14768.511216
60,14771.067839000001,0.2558179999996355,14771.323657,2912,2915,2919,0.4472345901053002,0.5941799444481594 0.8087512901836387 0.9666199324006969 0.7991403952492191 0.6370470870123554 0.5030910564492832 0.324654563017203 0.15265324090670926 -2.599150382295748e-18 -1.4641880486932715e-16 -0.11522524142381714 -0.2756117070135819 -0.39502731427641685 -0.5145896620064176 -0.6219274171920038,14771.067839000001 14771.090656 14771.094494 14771.123559000001 14771.127229 14771.157248000001 14771.160601000001 14771.19022 14771.195517 14771.223545 14771.227792 14771.257163 14771.261076 14771.290648 14771.29465
61,14771.558128,0.16701300000022457,14771.725141,2926,2928,2931,0.49744678912983237,0.5757812089390222 0.6407907913220835 0.7155913643768615 0.697966977342198 0.362728957705364 -0.005789560813154374 -0.2957722947162618 -0.42766765563722614 -0.567493209525628 -0.6848858709205243,14771.558128 14771.565604000001 14771.591515 14771.599242 14771.625038 14771.632426 14771.657946000001 14771.66555 14771.691417 14771.699773
62,14771.825178000001,0.1683020000000397,14771.993480000001,2934,2936,2939,0.5952464439930584,0.5339492754494194 0.6985920747915394 0.8862019438124957 0.7472603677909085 0.4034537363141178 0.05892818275209492 -0.263742290240696 -0.6003185930869686 -0.9178214979082936 -0.8421964777840503,14771.825178000001 14771.833029000001 14771.858485 14771.866 14771.891826000001 14771.899333000001 14771.927381000001 14771.933066000001 14771.960000000001 14771.980617000001
63,14772.061076,0.17232100000001083,14772.233397,2941,2944,2947,0.585796702711785,0.5429367409812077 0.723858253161112 0.8586089037082809 0.8734414079465692 0.5552845739446749 0.2093630041027958 -0.0838981177177246 -0.43614202022437604 -0.7321906857125838 -0.8422433196185257,14772.061076 14772.089737 14772.094813 14772.123258000001 14772.128414 14772.157673 14772.161551000001 14772.190443000001 14772.196391000001 14772.228912
64,14772.338122000001,0.17314799999985553,14772.51127,2950,2952,2955,0.60734760875491,0.6371146091708428 0.8111819496861208 0.7987539262446632 0.5639477293452663 0.224713510162373 -0.09747834857076883 -0.4500341361340928 -0.7977208220317784 -0.8610401743639963 -0.8314908818391977,14772.338122000001 14772.340525000001 14772.371618000001 14772.373773000001 14772.405841 14772.407489000001 14772.439485 14772.441362000001 14772.47241 14772.474477
65,14772.912539,0.19003499999962514,14773.102574,2967,2970,2973,0.6318721413524045,0.5610004251247148 0.7558984851992737 0.897122717184154 0.9309283156592589 0.6018411002735355 0.24044796382520509 -0.07186119093254166 -0.4166015861252886 -0.7119527227390636 -0.9849562604666855 -0.7779827873467299,14772.912539 14772.929001 14772.946061 14772.963229 14772.978955 14772.994933 14773.011621000001 14773.028260000001 14773.045014000001 14773.062152 14773.078844000001
66,14773.655687,0.17151000000012573,14773.827197,2989,2991,2994,0.5959444144685343,0.5264824045969028 0.6554196909561953 0.8343438938752017 0.6728422610788082 0.5900899397062281 0.26952906031935675 -0.0957049018632886 -0.3881520560320179 -0.7468598946203087 -0.9320450798054938 -0.8439193763000747,14773.655687 14773.658256 14773.686972000001 14773.692186 14773.720159 14773.726702 14773.753689000001 14773.763732000001 14773.78649 14773.793499000001 14773.826882000001
67,14774.143119,0.19870500000070024,14774.341824000001,3004,3007,3010,0.5785939145157367,0.5081538960321269 0.6370140164522295 0.794586222983801 0.9491578346696485 0.6019711652112459 0.2923945997966215 -0.022621069425609642 -0.36118929358451995 -0.5728502416648882 -0.8928900808260843 -0.7317046390263285,14774.143119 14774.173459000001 14774.176069000001 14774.206966 14774.209494 14774.240268000001 14774.243641000001 14774.273594 14774.276497 14774.307093000001 14774.309733
68,14776.475918,0.1514580000002752,14776.627376,3074,3076,3078,0.4669348120599066,0.5845952749923441 0.745662776254726 0.6732896818573674 0.4051013167612635 0.0851875824311924 -0.010041686908805315 -0.3293138121176247 -0.6822917568625823 -0.686929420353254,14776.475918 14776.496627 14776.507805000001 14776.527544 14776.540334000001 14776.559822000001 14776.573578000001 14776.59318 14776.607477000001
69,14777.936142,0.1960030000009283,14778.132145000001,3118,3121,3124,0.6093853692739465,0.6477728131884246 0.760979933113365 0.8412796061208374 0.6857154237863614 0.37173467605708765 0.02968372146795043 -0.2741409549397575 -0.5626378313654157 -0.8130891796866601 -0.960305698406651 -0.7558992238809009,14777.936142 14777.942762 14777.969282 14777.976168000001 14778.004778 14778.010083000001 14778.043065 14778.045731 14778.075267 14778.076328000001 14778.113838000001
70,14778.523609,0.1704939999999624,14778.694103,3135,3137,3140,0.5285840404169313,0.557529812029959 0.7575761018801233 0.7099921845349034 0.40468865665618253 0.10939184857233032 -0.17778689519629098 -0.4735125918129936 -0.7904735469206471 -0.7763047261489514,14778.523609 14778.552012 14778.557133 14778.586014 14778.591656 14778.620123 14778.624981 14778.651299000001 14778.661444000001
71,14780.010002,0.20262799999909475,14780.21263,3180,3183,3186,0.42790052842308257,0.5766619009406357 0.7045004970903629 0.5652002036977577 0.2379297314299305 -0.07494000324586504 -0.01703221139465658 -0.3137109310918317 -0.6046793933647584 -0.7564498835519442,14780.010002 14780.047977 14780.049788 14780.113532000001 14780.116247 14780.146876 14780.150598 14780.179609 14780.188744000001
72,14781.224605000001,0.17209699999875738,14781.396702,3216,3219,3222,0.5372311154256814,0.639790583764405 0.6942090109044241 0.7867190667086583 0.5273903945291891 0.20088087352990752 -0.09936702748590391 -0.41168193298808187 -0.5167399928278031 -0.8021098483098423 -0.6934224232085977,14781.224605000001 14781.226792000001 14781.261264 14781.261271000001 14781.293388 14781.294326000001 14781.327503 14781.328889 14781.360822 14781.366453
73,14784.259931,0.17671900000095775,14784.436650000001,3307,3310,3313,0.5542627311348651,0.5031067019870822 0.6960583834243981 0.7688823450002239 0.7071543749006745 0.3894091455700421 0.07854140946161524 -0.23315462322143915 -0.5482851417638348 -0.8216799802912315 -0.7963552057281089,14784.259931 14784.277799000001 14784.295064 14784.327895 14784.334513 14784.36066 14784.366652 14784.393479 14784.399934000001 14784.427409
74,14785.953305000001,0.1816319999998086,14786.134937,3358,3361,3364,0.482936781376098,0.676590299445635 0.7284661556038555 0.5649261984867042 0.49990206104358575 0.34590092221516694 0.07012448076469462 -0.28371634308357635 -0.39687298399594917 -0.5469932423272479 -0.5264190621092223 -0.6723928460614411,14785.953305000001 14785.970709000001 14785.985990000001 14786.004939 14786.01963 14786.041258000001 14786.052272 14786.068376000001 14786.085731000001 14786.10214 14786.118695000001
75,14787.58911,0.2204970000002504,14787.809607000001,3407,3410,3414,0.6145461740191268,0.644729060155374 0.8124391569031607 0.9457443157831826 0.7991326296771012 0.5002405060087288 0.3486166211718962 0.0012750289709786238 -0.3287186563030857 -0.6342152761104348 -0.7900435511728547 -0.7080786723751425 -0.8613206135975806,14787.58911 14787.604865000001 14787.622674 14787.638897 14787.656968000001 14787.673061000001 14787.689758 14787.705489 14787.723204 14787.750404 14787.756831 14787.78636
76,14788.622628000001,0.2348679999995511,14788.857496,3438,3441,3445,0.5731239484193986,0.5708323143146656 0.7272089852227103 0.8679439844908535 0.7306920930191321 0.5683280251644274 0.44410968268359136 0.29597202936808253 -0.0313263782748471 -0.3172184310059239 -0.4602285726788353 -0.6106486644491487 -0.7626478709038143 -0.9220872712941565 -0.7144909750013925,14788.622628000001 14788.622860000001 14788.655783 14788.656156000001 14788.689273 14788.68963 14788.734136000001 14788.734912 14788.756888 14788.759339 14788.790231 14788.792601000001 14788.823513000001 14788.826002
77,14790.081766000001,0.16813099999853875,14790.249897,3482,3484,3487,0.5288480084456327,0.5214106459570685 0.6878423003397033 0.8217047847241697 0.5704433019723675 0.2253953375407461 0.12274166254142904 -0.20805412489897715 -0.5125780852067695 -0.8269862947955618 -0.7724551949445364 -0.547716359980632,14790.081766000001 14790.082475000001 14790.114724000001 14790.114984 14790.147879 14790.147898000001 14790.181702 14790.183990000001 14790.214997000001 14790.219635000001 14790.249086
78,14790.654612,0.16657300000042596,14790.821185,3499,3501,3504,0.5096794637405712,0.5203339709836945 0.6859670555811053 0.8253789973036924 0.5177990273910068 0.2636597354808351 -0.07069278758517274 -0.19358719573336539 -0.513254908139241 -0.8075130500983957 -0.6986079091092028,14790.654612 14790.661982000001 14790.688206 14790.695349000001 14790.721878 14790.729105 14790.754805 14790.762401 14790.788171 14790.795263
79,14791.062479,0.16249799999968673,14791.224977,3511,3513,3516,0.4914858523453123,0.60110112526239 0.7649343482697336 0.4278037019173186 0.3535812296589442 0.04761121651731237 -0.22731362908988004 -0.5511216898419007 -0.8283037743846343 -0.6216019561656969,14791.062479 14791.091473 14791.097072 14791.125083 14791.137449 14791.158126 14791.162540000001 14791.191502 14791.197285
80,14793.667454,0.14740700000038487,14793.814861,3590,3592,3594,0.4756335651736104,0.5948855369179338 0.6327397484170152 0.6279538501185178 0.2881857755000722 -0.02687238962630433 -0.3137135282717589 -0.6393175321603483 -0.6814001603769327,14793.667454 14793.684646 14793.700547 14793.718579 14793.736607 14793.753355 14793.781855000001 14793.797426000001
81,14794.129888000001,0.1701709999997547,14794.300059000001,3604,3606,3609,0.574102101596057,0.6476309712865983 0.8382673544492025 0.8668526687880078 0.605101127064965 0.3105814090184235 -0.016204102106952712 -0.3351498477340381 -0.6537594010887958 -0.7464203906859744 -0.7210537437376117,14794.129888000001 14794.148714 14794.163627 14794.18136 14794.196535000001 14794.214921 14794.230603 14794.24834 14794.264426 14794.28146
82,14795.039334000001,0.16772200000013981,14795.207056000001,3631,3633,3636,0.6073566017529768,0.5995788788857519 0.7738082115800526 0.8954452856319679 0.5684223664021101 0.2533897447358731 -0.08300098797569073 -0.4000926207480659 -0.7163182201076485 -0.9777633589090932 -0.8057463425535132,14795.039334000001 14795.058753000001 14795.073388 14795.092685000001 14795.106466000001 14795.128409 14795.139691 14795.160162 14795.173826 14795.193865000001
83,14796.502577000001,0.12417699999969045,14796.626754,3675,3676,3678,0.41498675428749415,0.5369665313738516 0.5377542671705816 0.3857737132642761 0.11722037238773253 -0.21063279069566201 -0.5192248673504493 -0.5973347377699059,14796.502577000001 14796.526786 14796.53587 14796.560229 14796.569389 14796.593389000001 14796.602142
84,14800.087925,0.12226900000132446,14800.210194000001,3782,3784,3786,0.4519999313480406,0.6399591646600514 0.7776694489637872 0.43383247854643286 0.10483316154245961 -0.21315605095284965 -0.18298378103628787 -0.48572515406310035 -0.7778402110193562,14800.087925 14800.095975 14800.109832 14800.129347 14800.143284 14800.162954000001 14800.177017 14800.19651
85,14800.454434000001,0.09180500000002212,14800.546239000001,3793,3794,3796,0.34329189149054395,0.5808123441210771 0.5790550588826185 0.2266277414045801 0.11630320856467398 0.022447718281843533 -0.28478114495744494 -0.59301602422157,14800.454434000001 14800.454452 14800.472465 14800.488408000001 14800.504912 14800.512895 14800.538319000001
86,14802.910103,0.13306999999986147,14803.043173,3867,3869,3871,0.4502249548220545,0.5680438655394093 0.6049930534084694 0.6616679768899896 0.334053399720218 0.05534447597417977 -0.23600662604241043 -0.5303303662245098 -0.6113598747772494,14802.910103 14802.915503 14802.943267 14802.95016 14802.976811 14802.984157 14803.010256000001 14803.016143
87,14805.383918000001,0.16641899999922316,14805.550337,3941,3943,3946,0.5266424124138114,0.6212316166575677 0.6494648136578592 0.6954770000638489 0.5388411041405171 0.34459393467456256 -0.0060063127968583855 -0.3262686036101631 -0.5794238130101986 -0.6821821217735562 -0.8229348037529826,14805.383918000001 14805.392251000001 14805.417037000001 14805.425741000001 14805.468595 14805.468926000001 14805.484946 14805.492209 14805.518479 14805.525098
88,14807.956572000001,0.155016999999134,14808.111589,4018,4020,4023,0.5255202188481499,0.5568182149156505 0.7516783708512912 0.7414824717336698 0.6458848643886351 0.319021105294821 0.0016111616435510036 -0.3344026168487051 -0.65519774007261 -0.7235854238844153,14807.956572000001 14807.978194000001 14807.989509 14808.011968 14808.022943 14808.044938000001 14808.055784 14808.078176 14808.088995
89,14817.287166,0.13553400000091642,14817.422700000001,4298,4300,4302,0.44882162576771717,0.5352977937245248 0.6890245180853486 0.5508518799997818 0.22288395934542846 -0.06992512747185371 -0.36965431354755873 -0.42999660262195294 -0.7229388113452884,14817.287166 14817.288854 14817.322894 14817.344255 14817.355859000001 14817.376986000001 14817.388606 14817.410536000001
90,14817.590444000001,0.16565300000002026,14817.756097000001,4307,4309,4312,0.576239256149212,0.5278508185183154 0.6958193565906893 0.7887940259941896 0.7513653083978572 0.41776695471170133 0.0634906680390386 -0.24962523558574284 -0.5656957193762465 -0.8423094074036639 -0.8596750668746748,14817.590444000001 14817.611229 14817.623808 14817.644503000001 14817.65689 14817.677525000001 14817.689599000001 14817.711057 14817.722940000001 14817.744400000001
91,14818.645672,0.14702500000021246,14818.792697,4339,4341,4343,0.5523046084979791,0.5879173124278033 0.7366542242191454 0.7676227762913239 0.4475104345586023 0.13950965982184463 -0.18271158179359206 -0.48307709160386303 -0.7821276015335198 -0.8436107942321183,14818.645672 14818.66035 14818.679566 14818.693268 14818.715401000001 14818.725731 14818.749318 14818.759445 14818.780927
92,14821.096171000001,0.16078299999935552,14821.256954,4413,4415,4417,0.4603606128910387,0.5408573736404176 0.651424111115636 0.6354926198034169 0.3656290373614103 0.09321241039585262 -0.25695652020533793 -0.3408837135639432 -0.6436537851234253 -0.6151359448099082,14821.096171000001 14821.123331 14821.140097000001 14821.157445 14821.164550000001 14821.189759 14821.197613 14821.22457 14821.229777
93,14823.805109,0.1666509999995469,14823.97176,4494,4496,4499,0.4983993534109943,0.596885637000755 0.7448119918505347 0.8971158773810773 0.6212837222420756 0.3630348307894442 0.07032479071691625 -0.08121219275541328 -0.34498151031172364 -0.6756836261776067 -0.5886593548843967,14823.805109 14823.807905000001 14823.838684 14823.841201000001 14823.871509 14823.873909 14823.904115000001 14823.907323000001 14823.937836000001 14823.940758
94,14824.138734,0.16953300000022864,14824.308267,4504,4506,4509,0.5189657592992465,0.5202680552053149 0.6380940092540367 0.7257057617817685 0.5774550472854382 0.26002013778758354 0.21648946529854807 -0.12392903948706026 -0.4106660466105127 -0.6959355763416982 -0.8556841923836584 -0.684376020856092,14824.138734 14824.141404 14824.171947 14824.175607000001 14824.216264 14824.216265000001 14824.238454 14824.242817 14824.271603000001 14824.275154 14824.305358000001
95,14826.788579,0.15744700000141165,14826.946026000001,4583,4585,4588,0.4407078130754549,0.5768783206545396 0.6849536612434274 0.7546203667083233 0.45339186637345924 0.18394464392381554 0.256573148175174 -0.06423778131749383 -0.356365071021013 -0.6354054582618482,14826.788579 14826.80897 14826.822133000001 14826.843061000001 14826.855506 14826.876267000001 14826.888661 14826.909315 14826.922241
96,14827.089030000001,0.18697099999917555,14827.276001,4592,4595,4598,0.552871557895741,0.5614297616238151 0.6959053432499921 0.8266397648387482 0.7633533138890833 0.4848680489907588 0.19998900694813262 -0.11179999794287428 -0.38506334200115844 -0.6920851784409268 -0.7108028919236142 -0.6496504870040476,14827.089030000001 14827.10993 14827.122365000001 14827.1425 14827.155473 14827.177054 14827.188805 14827.208967 14827.221969 14827.242329 14827.255363
97,14828.076228,0.13200500000129978,14828.208233000001,4622,4624,4626,0.4897684890727544,0.6090941414427354 0.6623000646769092 0.5791897126127502 0.2602146172170616 -0.03932982757353106 -0.3417471831286062 -0.6705078158908085 -0.7557645500396332,14828.076228 14828.097686000001 14828.109398 14828.129679000001 14828.141684 14828.162241 14828.174782 14828.195698000001
98,14829.777916000001,0.19981299999926705,14829.977729,4673,4676,4679,0.4710338317035761,0.5112845162157548 0.5651808003611072 0.6409928665148272 0.7484186378925322 0.578436511426982 0.3235584182738183 -0.04018150730981573 -0.13818525247277405 -0.29607864546927865 -0.5957457544112399 -0.7433092383912068,14829.777916000001 14829.812 14829.81392 14829.844141000001 14829.847328 14829.879599 14829.880186 14829.912371 14829.913757 14829.947469 14829.947968
99,14833.939146,0.1816689999996015,14834.120815,4798,4800,4803,0.5603574169024562,0.5089364693041047 0.6557108319388343 0.7938704911125877 0.7589584638439715 0.4308776127835986 0.15529054853505442 -0.15510791310703426 -0.46254755603088393 -0.7827677924559304 -0.8278293355432538 -0.6320345712717651,14833.939146 14833.954372 14833.968528000001 14833.987247000001 14834.001855 14834.020573 14834.035205 14834.053929 14834.068675 14834.087255 14834.102872000001
100,14834.202965,0.1848730000001524,14834.387838,4806,4808,4811,0.6280055634459409,0.5072877473301355 0.6781347703050682 0.8468695812755158 0.9076926112174986 0.6288026361402702 0.29142128334034234 -0.06278395238816854 -0.3915731512282745 -0.7051684307276109 -0.9813044758303309 -0.907022558122135,14834.202965 14834.221675 14834.236713 14834.254425000001 14834.269384000001 14834.288029000001 14834.303175000001 14834.320950000001 14834.336961 14834.354592 14834.369446
101,14835.462726,0.12645599999996193,14835.589182,4844,4845,4847,0.46127988680585197,0.5420746020621562 0.6910392477481291 0.6984329437531963 0.374335993508586 0.0257725802418037 -0.279483126421681 -0.3948447376757757 -0.6842558630354876,14835.462726 14835.462912 14835.492813 14835.495627 14835.522569 14835.532976 14835.556050000001 14835.561813
102,14836.18973,0.1556590000000142,14836.345389,4865,4867,4870,0.5214965232858025,0.5244940215631826 0.6535123911783997 0.7135128452525796 0.5932575357532357 0.26152782916495 -0.07066721219131311 -0.3953045391206176 -0.673773686057819 -0.8074186492901246,14836.18973 14836.199501000001 14836.223382 14836.232927000001 14836.257154 14836.266557 14836.289995000001 14836.303521 14836.326033000001
103,14841.039478,0.13264300000082585,14841.172121000001,5011,5013,5015,0.45761284895678056,0.6143793730409554 0.6658509189092693 0.6082024064810153 0.27302900005666964 0.19816912703384734 -0.1535678931584755 -0.5010531926221007 -0.6466508803519113,14841.039478 14841.0629 14841.072759 14841.097889 14841.105787 14841.130076000001 14841.139612 14841.163108
104,14841.338737,0.5591590000003634,14841.897896,5020,5028,5037,0.3297389091057029,0.6079505867889681 0.6388019718597915 0.705827369041813 0.575614918675528 0.3072474559875059 -0.010730619269547827 -0.29963311832717626 -0.39114774759968246 -0.4375804426451154 -0.3836820559453742 -0.33745448159692454 -0.19090348184954248 -0.0834977884068092 -0.03115190879185064 -0.05504031730652844 -0.028286532119468376 0.020956308753401782 0.019498412255887488 0.0015462217507537898 0.1703147645349853 0.27447326315773823 0.2967616560438922 0.39692882897033593 0.5701921359412855 0.700226931455145 0.36505164050250016 0.08085551492450328 -0.02144139035302942 -0.29761972163984823 -0.6124040806887622 -0.9040268474307622 -0.7347965767680352,14841.338737 14841.351641000001 14841.372203 14841.385474 14841.405861000001 14841.419066 14841.439576 14841.453478000001 14841.472383 14841.494452 14841.514642 14841.527471000001 14841.546997000001 14841.560553000001 14841.580319 14841.594896 14841.613360000001 14841.628609000001 14841.646684000001 14841.660921 14841.680224 14841.694645000001 14841.713661 14841.728306 14841.747466 14841.763308000001 14841.781922 14841.796752 14841.818447000001 14841.829664 14841.860051000001 14841.879604
105,14843.838233,0.18963600000097358,14844.027869000001,5095,5097,5100,0.5609550815076578,0.548787101975336 0.7028849990104403 0.6594272487986245 0.783437391407264 0.4464480853282473 0.13287211578175823 -0.215719501078384 -0.5275956060160432 -0.5952718712610683 -0.8830091145423961 -0.6750528613846745,14843.838233 14843.86074 14843.871365 14843.894192 14843.904647000001 14843.927008 14843.937801 14843.960606 14843.971291 14843.994829000001 14844.005135000001
106,14845.776668,0.2586300000002666,14846.035298,5153,5157,5161,0.6311025177717117,0.5660932379850594 0.7639280153755746 0.9454094968570559 0.8494231211251408 0.6642379359399557 0.31536210426530925 -0.03490945790935259 -0.4015761245760192 -0.7504390070312089 -0.6984965885847854 -0.8836817737699704 -0.6996733498411094,14845.776668 14845.804729000001 14845.809723 14845.838587 14845.845066 14845.872464 14845.882394 14845.904872000001 14845.980617000001 14845.981439000001 14846.007650000001 14846.016666000001
107,14847.518733,0.6439620000001014,14848.162695,5205,5215,5225,0.313614018806011,0.5168500488810489 0.5714298779645279 0.5972478663714055 0.3024550707486152 0.047625401308381075 -0.25160595352868326 -0.35343291740182997 -0.3816645788450481 -0.43543268002980173 -0.24081876854236375 -0.18461601471593994 0.007870419355212373 0.05758797272700775 0.022995412038283626 0.051991354536127056 -0.014851148481722405 0.005268896067583947 -0.03900218892980511 -0.06895863347583357 -0.06719557223496622 -0.06620621239697475 -0.05160949848316314 0.00022696124182820936 -0.007935265700022199 0.17586969667010843 0.2960076597001817 0.4411816486605891 0.5565010507901507 0.6552447213066946 0.7691993205635632 0.6077372255148709 0.4985003890814604 0.16988301032670047 -0.12522374819965854 -0.4140749320732944 -0.6728440932446778 -0.8092870503457227 -0.9515309301584576 -0.742982542792122,14847.518733 14847.520912 14847.551932 14847.553944000001 14847.584832 14847.588009000001 14847.618777 14847.620550000001 14847.651479 14847.653664000001 14847.660388 14847.684755 14847.68743 14847.717985000001 14847.720952000001 14847.751445 14847.75401 14847.785026000001 14847.787225 14847.818027000001 14847.820829 14847.851594 14847.854245 14847.885046000001 14847.887332 14847.918379 14847.920745000001 14847.952393000001 14847.954804 14847.984573 14847.987217 14848.018026 14848.020602 14848.052413000001 14848.075092000001 14848.085941000001 14848.093064 14848.118737 14848.126284
108,14850.880352,0.821047000001272,14851.701399000001,5306,5318,5331,0.2295590291373948,0.5507273193478448 0.4641987244161556 0.4258417999308516 0.07427493068963158 0.10912440252067045 -0.20095365104205856 -0.48943414674422037 -0.49653337545160786 -0.4743551273551587 -0.27162444651858714 -0.3176406583442527 -0.1405251031814697 -0.004623732887783466 0.045714517647 0.009187555097374784 0.018958656660439967 0.05367827748840567 0.030468151547588324 -0.018945251635300395 -0.009577951230857579 0.028718507666909664 0.014598090054339222 -0.0070092117989820225 0.0002893217642786566 0.04845284753375572 0.01678625742594393 0.005217128329806455 0.0018578188116450795 0.003062439720452946 -0.009984476163918145 -0.011658693370378755 -0.01605233868864389 -0.0010092301370532213 -0.03142157843519482 0.004019713366928667 0.16686438230277484 0.2922757669382763 0.43735726797344565 0.5841907937370631 0.6129952596415231 0.7179947351522269 0.5655569709667807 0.4319027717021131 0.19404648588864673 -0.144479571425343 -0.22122017410539863 -0.5017624757671729 -0.6556232015055571 -0.7967952352746702 -0.748360931483257,14850.880352 14850.880863 14850.91245 14850.913269 14850.945766 14850.947029 14850.978871000001 14850.979862 14851.013105 14851.013477 14851.046939 14851.047026 14851.086276 14851.097506 14851.124224000001 14851.143969 14851.155082000001 14851.16243 14851.169039 14851.188005 14851.196083 14851.221262000001 14851.229761 14851.255214 14851.263280000001 14851.288306 14851.298145 14851.321512 14851.332152 14851.355554 14851.364654 14851.388876 14851.397376 14851.422003 14851.433203 14851.454961000001 14851.464674 14851.488085 14851.497401 14851.521394000001 14851.530588000001 14851.554895000001 14851.565958000001 14851.588751000001 14851.60218 14851.623866 14851.631669 14851.656056 14851.664699 14851.690263
109,14851.933607,0.18966499999987718,14852.123272,5338,5340,5343,0.6067964964769628,0.5849436256620619 0.7233470788708439 0.8539038565423752 0.7402855488989087 0.4035505670817434 0.11842298294450557 -0.19306651964440233 -0.5187707017217396 -0.8076068961310038 -0.9668770082922866 -0.7639866754567197,14851.933607 14851.956015 14851.967331 14851.989148 14852.00121 14852.02261 14852.035092 14852.055935 14852.068689 14852.089027 14852.101984
110,14852.556026,0.1333809999996447,14852.689407,5356,5358,5360,0.4654356537713955,0.63288825529593 0.6188021995501046 0.6308958196076957 0.29116700678952184 -0.012489828092783414 -0.32245802146487407 -0.6068599724776618 -0.6079241268925925,14852.556026 14852.570697000001 14852.589285 14852.602265000001 14852.622817000001 14852.635540000001 14852.656219 14852.668849
111,14853.022854,0.16633299999921292,14853.189187,5370,5372,5375,0.5988907011548971,0.6067221363385519 0.7965010735723704 0.8851619892650178 0.5560762580012102 0.21874954548117606 -0.09575985954896855 -0.3937950374685681 -0.7190780372313503 -0.9674254807943171 -0.7496375938474403,14853.022854 14853.035303 14853.057657000001 14853.081432 14853.089926 14853.102145 14853.122475 14853.13534 14853.156431000001 14853.1694
112,14855.786572,0.15651299999990442,14855.943085,5453,5455,5458,0.43484352827677997,0.5775777723964107 0.604020517745002 0.6723317396671129 0.31367503038462685 0.24322692960846437 -0.05372030901342409 -0.3403870157697333 -0.41304054143723473 -0.6956118984690108,14855.786572 14855.809823000001 14855.843935 14855.844549000001 14855.869767 14855.877785 14855.902896000001 14855.909723 14855.936289000001
113,14856.136264,0.1664920000002894,14856.302756000001,5464,5466,5469,0.5002312752493261,0.5293906107445714 0.6236870241838627 0.765152986116999 0.4451071171197782 0.37652546949122834 0.06242318626069422 -0.25162487881888873 -0.5273129619024299 -0.8223423879649786 -0.5987461298898299,14856.136264 14856.143734000001 14856.169554 14856.177805000001 14856.203389 14856.210981 14856.244403 14856.244823 14856.269227 14856.27721
114,14857.039845000001,0.17627899999934016,14857.216124,5491,5493,5496,0.5492804921151306,0.5398264683997493 0.6615820242237467 0.8104565565171369 0.7097940260119858 0.36128956615404517 0.06836609360828003 -0.23504041206474002 -0.5236489719204483 -0.831652474783873 -0.7511483274673016,14857.039845000001 14857.045581 14857.073445 14857.079222 14857.112935000001 14857.113367 14857.149042000001 14857.149625 14857.182265000001 14857.18798
115,14858.149489000001,0.13842199999999139,14858.287911000001,5524,5526,5528,0.4543590019305237,0.6406914445236661 0.6097934580911046 0.7321276315232073 0.6829686338705897 0.331601031787172 0.09693909613101277 -0.24027340903295683 -0.22752872790099335 -0.5273075845140112,14858.149489000001 14858.154145 14858.183282 14858.188312 14858.217166 14858.221351 14858.250100000001 14858.255823000001 14858.283944
116,14859.169938000001,0.16768599999886646,14859.337624,5555,5557,5560,0.4498815667564474,0.5216645291503008 0.7072914730564489 0.6080386963210541 0.6926257338843781 0.36041253695331643 0.12020091768214386 -0.13945070129303605 -0.4824798471342812 -0.4167696653330675,14859.169938000001 14859.203042000001 14859.203336 14859.236064 14859.236311 14859.268714 14859.269259 14859.302893 14859.303408
117,14860.203435000001,1.742566999999326,14861.946002,5586,5612,5638,0.20624971525324995,0.6214171594883496 0.6502274014886141 0.48391538940863227 0.5571395802404827 0.30823295680634566 -0.05437524240152533 -0.2981520086399143 -0.36812544489117144 -0.2328879459199687 -0.49269269671381205 -0.4036690757198092 -0.20665821112644478 -0.1951423733113308 -0.1843675917125306 -0.2854012967082776 -0.17010399244887142 -0.2200733587520681 -0.24313214231857835 -0.1406501727148752 -0.0994752068387551 -0.06489375091927732 -0.03210760897622895 0.028321323884816712 0.07210994239644064 0.06326579385333601 0.040677432660703394 0.04791211198877412 0.044165827609874614 0.020907355679406138 -0.054055507536287406 -0.10387368776180105 -0.09424763697165034 -0.08683830499649059 -0.07336771046673826 -0.06713436709509968 0.0004126848997891043 0.04746462459917407 0.05087164817032976 0.053050816059112514 0.03432908543833984 0.06270971868395915 0.01057846056713116 0.017521684220147552 -0.0036016941449806784 -0.015620860384966599 -0.012354581040761045 -0.034570441384714004 0.009748180303704845 -0.01697711852484398 0.010272469381887726 0.024143099381260268 0.030832197527486914 0.04152561602769068 0.04207797624446737 0.04718793763054744 0.0018341232229161487 -0.014397512983392745 -0.020029313034481386 0.13352416179798274 0.2582160190299704 0.28030714683190266 0.4841413560091317 0.5462472776836697 0.7072174798824047 0.4284240695639938 0.1006676002259655 0.09911240106181848 -0.23519841753971896 -0.17546997389922983 -0.4733914173262803 -0.40606206565798003 -0.1929648346231007 -0.2315859935407378 -0.059792614375229675 -0.3085342311895743 -0.1903907278768629 -0.11937934730350727 -0.15891968714429056 -0.13721240401830717 -0.14786263921205434 -0.04307812625070208 -0.031672932003491645 -0.03433278313389561 -0.03697595110646021 -0.005206487796924649 -0.033062773722189395 -0.003459685378604493 -0.0011695424715678173 0.013525388571946056 0.20171048656657375 0.29205448289711733 0.49535749327252887 0.6682487016916221 0.8464844157739869 0.8094743646551605 0.6337088767723345 0.3956882029748156 0.03632765114070926 -0.28392547821793557 -0.6253178805136484 -0.646228412973259 -0.8013823939348113 -0.7188768391673794,14860.203435000001 14860.217552 14860.236801000001 14860.2517 14860.272188 14860.290175 14860.309539 14860.327358 14860.341750000001 14860.360588000001 14860.37407 14860.392968 14860.410038 14860.428018 14860.440116 14860.459805 14860.472969 14860.492829 14860.506977000001 14860.526942 14860.540207 14860.560360000001 14860.573897 14860.60668 14860.608259 14860.634268 14860.640847 14860.666943 14860.674200000001 14860.702614 14860.707125 14860.740345 14860.742344 14860.772478 14860.776072 14860.805962 14860.809979000001 14860.838922 14860.841985000001 14860.872603 14860.875731 14860.905703 14860.908806000001 14860.939381 14860.942210000001 14860.973577 14860.976041 14861.005894 14861.008881 14861.039448000001 14861.042832000001 14861.073064 14861.076153 14861.106398 14861.108889000001 14861.139640000001 14861.143206 14861.17286 14861.176816000001 14861.206221 14861.208915000001 14861.239722 14861.242481000001 14861.275335 14861.277364000001 14861.310121 14861.312711 14861.346465 14861.347333 14861.379366000001 14861.383512 14861.412545000001 14861.416237000001 14861.445174 14861.44917 14861.478562 14861.488898000001 14861.511867000001 14861.51685 14861.545395000001 14861.550116 14861.585028000001 14861.585113000001 14861.611943 14861.615919 14861.645141 14861.649786 14861.678658 14861.682734 14861.712096000001 14861.716385 14861.745482 14861.757331 14861.779147000001 14861.783248 14861.812843 14861.818185 14861.846069000001 14861.85325 14861.881419000001 14861.886994 14861.91343 14861.920108
118,14862.187607,0.19204700000045705,14862.379654,5645,5648,5651,0.5889956009503542,0.6568445418639868 0.7900653932853429 0.795091338632808 0.6461400598403209 0.3679741564839806 -0.0005443620345378185 -0.3178958269065448 -0.627099480330419 -0.7056319384698797 -0.8598136021066874 -0.7118509104993888,14862.187607 14862.212866 14862.21974 14862.246350000001 14862.253550000001 14862.279644 14862.286476000001 14862.313271 14862.320146 14862.346486 14862.353752
119,14863.144745000001,0.15825999999833584,14863.303005,5674,5676,5679,0.4265594745681372,0.5829914216691925 0.5448139270764881 0.6480673342226176 0.3788358077924309 0.22362794637329073 -0.07153744944428525 -0.3699995401131401 -0.3719752538330641 -0.6471865905887253,14863.144745000001 14863.164224 14863.177273000001 14863.197683 14863.210112 14863.231235000001 14863.243526 14863.264888 14863.277506
120,14865.437294000001,0.12743499999851338,14865.564729,5743,5745,5747,0.4973528952129204,0.6206429998079935 0.6493683029902453 0.6231409585832696 0.3757588453561318 0.047387320545340714 -0.29489110302889476 -0.6059626004515725 -0.6551079397646616 -0.603915986388174,14865.437294000001 14865.437310000001 14865.461961 14865.465291 14865.494543 14865.498242000001 14865.527727 14865.531402 14865.560809
121,14865.861454,0.16659400000025926,14866.028048,5755,5757,5760,0.5348300946770931,0.610120630329283 0.628698258150975 0.7776246133716285 0.6517870280219961 0.2922389120585838 -0.03751484446454837 -0.3809110445386381 -0.46168916259168463 -0.7916904439590925 -0.7160260092845018,14865.861454 14865.866549 14865.89501 14865.900109 14865.927603 14865.932034000001 14865.960773 14865.965396000001 14865.994191 14865.998883
122,14867.149855000001,0.17633899999964342,14867.326194000001,5794,5796,5799,0.6256246759061062,0.607711400759348 0.792896585944533 0.9184007330679402 0.8270973438664522 0.5314022088404755 0.16652834107783096 -0.15540264683982316 -0.5257730172101933 -0.8021957716921799 -0.8323066684196017 -0.7221567172487889,14867.149855000001 14867.159043000001 14867.182948000001 14867.191072000001 14867.216328 14867.224499 14867.24969 14867.258934000001 14867.283392000001 14867.291319 14867.317013
123,14868.803241000001,0.1717739999985497,14868.975015,5844,5846,5849,0.5936124346671675,0.5702472683349777 0.711787923718335 0.9193571475814424 0.6387021661001782 0.566010676648962 0.21944851027277149 -0.14194064326074018 -0.46371454097924025 -0.8298464802491184 -0.739611815896147 -0.7290696082969291,14868.803241000001 14868.808573 14868.839477000001 14868.840573000001 14868.873814 14868.876496 14868.909564000001 14868.910244 14868.941388000001 14868.942405 14868.973668
124,14869.754733,0.19097300000066753,14869.945706,5872,5875,5878,0.5255067417657018,0.5165457977278214 0.6595124169721497 0.8248297183691199 0.5475214998370819 0.6495737738344453 0.30737541916635785 0.005705207833542395 -0.30320083076865073 -0.606418605022431 -0.5433885065490476 -0.8165023833420718,14869.754733 14869.754826 14869.788836 14869.790383000001 14869.821429000001 14869.821717 14869.855865000001 14869.855881000001 14869.889348 14869.889972 14869.932184000001
125,14870.516602,0.16698100000030536,14870.683583,5895,5897,5900,0.5878512116445755,0.6674430632505117 0.7153108366609497 0.7945366875042024 0.4864126564478107 0.1207524234800102 -0.1992856876415559 -0.5454733608747292 -0.6501915042696117 -0.9402936888989282 -0.7588122074174467,14870.516602 14870.545886 14870.549847 14870.585337 14870.585360000001 14870.612193 14870.616966000001 14870.645438000001 14870.650058000001 14870.678759
126,14872.139171,0.2249339999998483,14872.364105,5944,5947,5951,0.56486880379581,0.6142925112335768 0.7418769708386169 0.8603336413701372 0.717181243278362 0.561528945410693 0.4318644603093465 0.15306500265383555 -0.09609035979326726 -0.4153415664208657 -0.5361512186080718 -0.6794386653718523 -0.8088071251087117 -0.7273227389481932,14872.139171 14872.147935 14872.17266 14872.181464000001 14872.206555 14872.215195 14872.239359000001 14872.248623000001 14872.272932 14872.281745 14872.32091 14872.321101000001 14872.350597
127,14873.603593,0.17324900000130583,14873.776842000001,5988,5990,5993,0.5116023604800836,0.501737277577342 0.6731952371233252 0.7965322366279797 0.5314738107325757 0.49285178986308176 0.12588001187648476 -0.13282613393989423 -0.45332593822473166 -0.7440980363068148 -0.6641031325286061,14873.603593 14873.613563 14873.637048 14873.646952000001 14873.670244 14873.680206 14873.70398 14873.713787 14873.737857 14873.748415
128,14875.931496000001,0.19836299999951734,14876.129859,6058,6061,6064,0.5306173213111427,0.5953070742613058 0.7271302740279594 0.5794642369452874 0.7145912305599653 0.43826103565627494 0.1739240564195759 -0.14667755205562594 -0.41736501813041427 -0.5540167680945279 -0.8022853095097938 -0.6877679787618384,14875.931496000001 14875.963047000001 14875.964455000001 14875.996624000001 14875.998242000001 14876.030705000001 14876.031593 14876.063276 14876.065054 14876.097224000001 14876.098222
129,14882.071596,0.13521900000159803,14882.206815000001,6242,6244,6246,0.5723770833727548,0.6735752427945332 0.8011515185799993 0.7737333320576351 0.4912134709256543 0.15798918053705258 -0.16986452009281808 -0.4986022161046793 -0.7891589790007325 -0.7961052902616904,14882.071596 14882.073728000001 14882.104627 14882.107504000001 14882.11549 14882.137696 14882.139939 14882.171823 14882.173248000001
130,14888.215161,0.17255199999999604,14888.387713,6426,6428,6431,0.4324795440896714,0.5798839255510014 0.5859677153905188 0.572081758176323 0.6249610448928323 0.4552540269766122 0.12329728454864507 -0.2251334225075621 -0.2972071691992706 -0.3060974646878762 -0.5549116289660719,14888.215161 14888.245484000001 14888.248563000001 14888.279155 14888.281814 14888.312569 14888.315361 14888.346149 14888.348336000001 14888.382344000001
131,14888.548463000001,0.2099820000003092,14888.758445000001,6436,6439,6442,0.6034640970671016,0.630397671659231 0.7889476785179683 0.9351751574989862 0.6506756423771919 0.32466327117267446 0.033632113643762146 -0.3015324531910054 -0.6219523576929115 -0.9170535080113399 -0.8117910759062069 -0.6222841380668404,14888.548463000001 14888.554455000001 14888.5818 14888.58907 14888.615496 14888.640385 14888.650823 14888.676054000001 14888.703825 14888.727001000001 14888.740386000001
132,14890.483011,0.16457900000023074,14890.64759,6494,6496,6499,0.42636216568959284,0.5955618225612688 0.5520630499577746 0.5582213759959337 0.4214094661437294 0.13966712957030525 -0.1728124626493415 -0.49577878440026446 -0.4226914290161446 -0.4790539709115732,14890.483011 14890.498046 14890.516899 14890.531995000001 14890.550247000001 14890.564802 14890.585481 14890.59847 14890.619262
133,14891.798026,0.16797399999995832,14891.966,6534,6536,6539,0.4985701141952636,0.6224718774179111 0.6248026680090439 0.5207172241486326 0.41233790266839265 0.052802575004264836 -0.29630936832897237 -0.6517059260662521 -0.6782389901329601 -0.6277444959809422,14891.798026 14891.828325 14891.831991000001 14891.861622 14891.865169 14891.895825000001 14891.898603000001 14891.930891 14891.940371
134,14896.194096000001,0.1523399999987305,14896.346436,6665,6667,6670,0.4977126585396136,0.5634670125113596 0.7486521976965445 0.6793431823635443 0.8325167658887427 0.5117913703386542 0.1771691354662452 -0.1294140439016679 -0.46463138292285594 -0.3724288357669085,14896.194096000001 14896.211411 14896.228082000001 14896.244662000001 14896.262132 14896.279741 14896.294890000001 14896.313611000001 14896.328549
135,14896.532836,0.7461490000005142,14897.278985,6676,6687,6698,0.2792167557284413,0.5649216954799887 0.575930607709846 0.44464440164103003 0.1838070748462021 -0.07500412589766774 -0.035413597567684224 -0.20625132663319057 -0.2718278393907586 -0.4046396263426007 -0.3467818827881535 -0.23865781743896233 -0.27664519882859473 -0.42934748621997476 -0.3016953730101412 -0.1899570952039654 -0.06212915006520681 -0.046367255431362046 0.01953004399481123 0.2031469419180266 0.23819162681484707 0.4131504320580215 0.45728098935441386 0.5639935912395292 0.622458694547889 0.7133317608755981 0.6050347793113237 0.4511494832138154 0.15633982345019684 0.04139340838214016 -0.061545656473788526 -0.1833333333333332 -0.18333333333333315 -0.18333333333333335 0.18333333333333313 0.18333333333333326 0.18333333333333313 0.1833333333333332 0.18333333333333315 0.04874140839284657 -0.13459192494048658 -0.2594173880004745 -0.3767838106710886 -0.5195505115216813,14896.532836 14896.560766 14896.565578 14896.593990000001 14896.599014000001 14896.629631 14896.632687000001 14896.661180000001 14896.666173000001 14896.697851 14896.699655 14896.736934 14896.753979000001 14896.787625 14896.812304000001 14896.820331 14896.846016000001 14896.851713 14896.854728 14896.859591 14896.879462 14896.885315000001 14896.886584 14896.912957 14896.921569 14896.946059 14896.954853000001 14896.97975 14896.988395 14897.013165 14897.027784 14897.126626000001 14897.126664000001 14897.14556 14897.146061000001 14897.152795 14897.152804000001 14897.178353000001 14897.179306 14897.212873 14897.213009000001 14897.245318000001 14897.246613000001
136,14897.519873000001,0.174935999999434,14897.694809,6705,6707,6710,0.5708883717721778,0.5987212613776879 0.7799473073747423 0.713810471849508 0.6375289850131977 0.26901046649467936 -0.049501326473831625 -0.39329529924861995 -0.7392162527343207 -0.7480548452397319 -0.7797975019154582,14897.519873000001 14897.550150000001 14897.553463 14897.583899000001 14897.587454 14897.616901000001 14897.621895 14897.650064000001 14897.656093000001 14897.68621
137,14897.961873,0.2241229999999632,14898.185996,6718,6721,6725,0.6238919303283369,0.539295529877698 0.6920980965649641 0.8210765653186374 1.0255892188460738 0.704489372233661 0.3894366787048676 0.11041153981905812 -0.23100094968346008 -0.5617428187622021 -0.9095200043788721 -0.8186086156595717 -0.6834337740909776,14897.961873 14898.028921000001 14898.028970000001 14898.047459000001 14898.052158 14898.086037000001 14898.086363 14898.118615000001 14898.119706000001 14898.126669000001 14898.151403 14898.152164000001
138,14898.358191000001,0.19608799999878102,14898.554279,6730,6733,6736,0.5849090718480687,0.537745240494111 0.6368902077912812 0.8019737154880688 0.8990479043914866 0.530818479438026 0.20504757327223203 -0.15689662092100737 -0.3075966287073795 -0.6493996518161091 -0.9450326247452677 -0.7635511432637863,14898.358191000001 14898.386258 14898.391812 14898.424892 14898.429559 14898.456554 14898.466735 14898.488431 14898.498844 14898.520914 14898.531632
139,14899.163431,0.1916590000000724,14899.355090000001,6755,6757,6760,0.6165690788137677,0.5953858516834398 0.7805710368686252 0.8496333603505735 0.7965348899640354 0.48089581181859264 0.11052544144822246 -0.1941434133358599 -0.5645137837062301 -0.8381306274596212 -0.8616088233586712 -0.7103168269575721,14899.163431 14899.187881 14899.197198 14899.221327000001 14899.230906 14899.254866000001 14899.263483 14899.287894000001 14899.296907 14899.321203000001 14899.330188
140,14899.531570000001,0.19381199999952514,14899.725382,6766,6768,6771,0.5995041204957612,0.5633740403034068 0.7485592254885921 0.8929827698954826 0.8663390391590887 0.5425878247340096 0.187771926615814 -0.128158464183673 -0.4829487874941011 -0.7732992820554729 -0.8090198450279716,14899.531570000001 14899.555689 14899.564319000001 14899.588955000001 14899.599162 14899.627564 14899.637302000001 14899.664336 14899.686649000001 14899.713454
141,14900.119439,0.13502100000005157,14900.25446,6783,6785,6787,0.43197483623145394,0.5852343539144276 0.5566131771653657 0.6407795688042728 0.3775425924547256 0.03402603691584176 -0.05032210741382217 -0.40022200030913213 -0.4802510003706883 -0.7627826887348104,14900.119439 14900.119439 14900.152689 14900.153357000001 14900.189235 14900.189437 14900.219978000001 14900.220933 14900.252611
142,14900.875825000001,0.16864799999893876,14901.044473,6806,6808,6811,0.517391143696284,0.5046597094681865 0.5534278700945933 0.7379178774774452 0.5955822288477439 0.2540940745600524 -0.07927943892659775 -0.3918773450745897 -0.48739783724109953 -0.8257216268553176 -0.7439534284172149,14900.875825000001 14900.899191 14900.907640000001 14900.92929 14900.945730000001 14900.961805 14900.977198 14900.995018000001 14901.010582 14901.029345
143,14901.369215,0.2083359999996901,14901.577551,6821,6824,6827,0.6716464227784877,0.5036371725576894 0.6973171454888801 0.8049923181533811 1.0209813714027403 0.8426163814685962 0.6831747955746119 0.4979896103894267 0.1448514523329556 -0.1849120599252206 -0.5518518518518516 -0.6948840472433301 -0.8800692324285154 -1.038626980781555 -0.8571454993000736,14901.369215 14901.398741 14901.398762 14901.411096 14901.416263000001 14901.431165 14901.44498 14901.464618 14901.477878 14901.49782 14901.51129 14901.531497 14901.545134 14901.564294
144,14902.499196,0.1996290000006411,14902.698825000001,6855,6858,6861,0.6281750536621099,0.5492639031798063 0.7064652374620107 0.8879467189434922 0.8948047631652929 0.7096195779801078 0.4123312100837219 0.04381269156520369 -0.26835799277241235 -0.6368765112909307 -0.724642029090938 -0.909827214276123 -0.7941527941352801,14902.499196 14902.513409000001 14902.532995000001 14902.547025 14902.568832 14902.581566 14902.599762 14902.614421 14902.633101000001 14902.646137 14902.665591 14902.680287000001
145,14903.06755,0.21425900000031106,14903.281809,6872,6875,6878,0.6346940389067407,0.5250348205919618 0.6759301711011815 0.8611153562863667 1.032317998232665 0.6637994797141464 0.5086088860476461 0.14009036752912754 -0.1996616123459324 -0.5700319827163027 -0.8820632584125272 -0.700581776931046 -0.8570927569719847,14903.06755 14903.089839 14903.100612 14903.122758000001 14903.133160000001 14903.159103 14903.166532000001 14903.188911000001 14903.201159 14903.237427 14903.238761 14903.272922
146,14904.806573,0.2021310000000085,14905.008704,6924,6927,6930,0.6500862588679287,0.6396782187775821 0.8215562733610963 0.8893864497567064 0.9520075708251912 0.6423992626773736 0.32640045752665514 -0.013677077343209776 -0.329450983874367 -0.6411438498499498 -0.9343592063487509 -0.8706981456086705 -0.7574816917588478 -0.6328821775746731,14904.806573 14904.837516000001 14904.837824 14904.870498 14904.875419 14904.883409 14904.903676 14904.908595 14904.93656 14904.942418 14904.970868 14904.975496000001 14905.003348
147,14906.99478,0.17848699999922246,14907.173267,6989,6992,6995,0.5925093738299798,0.6161967723771355 0.7928850063884678 0.7722280024891948 0.6168319714803683 0.2889012358216521 -0.051654845314415665 -0.37237435894263343 -0.724100054252449 -0.7069773514788732 -0.8921625366640584 -0.6832909769205303,14906.99478 14907.007741000001 14907.026809 14907.039802000001 14907.060075000001 14907.073286 14907.092993 14907.106494000001 14907.126754 14907.140573 14907.160083
148,14907.393663,0.10025599999971746,14907.493919,7001,7002,7004,0.2837272365320547,0.5053885834022156 0.29584440790330796 0.3086273029416933 0.15465801998003925 -0.16573776316176786 -0.2721073418033047,14907.393663 14907.407222 14907.427509000001 14907.440471 14907.461087 14907.473594000001
149,14908.511643,0.1991840000009688,14908.710827,7035,7038,7041,0.5579696012531253,0.6818421698496482 0.8801078225945064 0.8376462452402247 0.60937986291831 0.28151365304044795 0.10226195571209248 -0.2662565628064262 -0.6322737264064053 -0.6814222623799151 -0.6530067795968608 -0.5119545732395407,14908.511643 14908.537522 14908.55082 14908.571923000001 14908.585084 14908.610830000001 14908.618137000001 14908.643916 14908.650835 14908.677286 14908.684792
150,14908.911017,0.2137960000000021,14909.124813,7047,7050,7053,0.599062710686517,0.5935650655291024 0.7787502507142876 0.9113345134915455 0.7842525380660934 0.6196924143399195 0.43450722915473433 0.10488755599217468 -0.2636309625263438 -0.5517734250978057 -0.5166630439463573 -0.6751626667328439 -0.8603478519180291 -0.6932477214154829,14908.911017 14908.925099 14908.944360000001 14908.958513000001 14908.977571000001 14908.993865 14909.01136 14909.024751 14909.043819 14909.0581 14909.076949 14909.091343 14909.110807000001
151,14910.065323,0.18767300000035902,14910.252996000001,7082,7084,7087,0.6291450259389726,0.5866463158885452 0.7724728028999249 0.8939632992616785 0.9169824303384365 0.5691496485997315 0.22247411311513476 -0.0882188396237331 -0.4150857114045523 -0.7137053151665005 -0.975882672380518 -0.7660141366499441,14910.065323 14910.085596 14910.098436 14910.120594 14910.132619 14910.153064 14910.165559000001 14910.188709 14910.200178000001 14910.219953 14910.234216
152,14911.463979,0.17059599999993225,14911.634575,7124,7126,7129,0.546465105925349,0.5177098843786453 0.6751147685227569 0.8383060384679724 0.5689176385244812 0.609835620078442 0.28203021334115663 -0.0709898171396872 -0.3743878677834668 -0.6607213073102011 -0.5846909951466754 -0.8284120144853541,14911.463979 14911.467539000001 14911.497909 14911.500871 14911.531793 14911.53441 14911.564755000001 14911.569149 14911.598248 14911.601197 14911.630973000001
153,14912.508575,0.3978830000014568,14912.906458000001,7155,7161,7167,0.31418004583190284,0.5403428013535325 0.6738440815906596 0.5226497254847137 0.7004359932631741 0.5510818532993883 0.4035254335736171 0.40465836592616994 0.25497058344430557 0.2549705834443057 0.09029491209474824 0.09029491209474834 0.0902949120947483 -0.08712193236521051 -0.08712193236521062 -0.2077230445430192 -0.20772304454301924 -0.2077230445430193 -0.3367572935321759 -0.3083165741045857 -0.30831657410458585 -0.20259062989072826 -0.38120278064619717,14912.508575 14912.537648000001 14912.541769000001 14912.571276 14912.579647 14912.621511000001 14912.621665 14912.674506000001 14912.675677000001 14912.702754 14912.70476 14912.736605 14912.737715000001 14912.768974 14912.771148 14912.804224000001 14912.805555 14912.837358 14912.838952 14912.871448 14912.871990000001 14912.903889000001
154,14913.136908,0.20692000000053667,14913.343828000001,7174,7177,7180,0.574418478451662,0.5497996263446305 0.6237156995433021 0.7938751387891618 0.7837558607706676 0.49835255434249276 0.27041877996480757 -0.046931589914133806 -0.33050769649776424 -0.6377839785433405 -0.8995966086700273 -0.8066883926412344 -0.6515958153983815,14913.136908 14913.138293 14913.170076 14913.172031 14913.204310000001 14913.205705 14913.238485 14913.253952000001 14913.272301 14913.275614 14913.313100000001 14913.320311000001
155,14916.236267,0.2032020000006014,14916.439469,7267,7270,7273,0.5175255909031052,0.6573883948158937 0.7978722819231776 0.5243920671340798 0.6631947209746947 0.5021139631977988 0.3337675868670345 -0.012231950326970715 -0.33949621775392064 -0.2548641934676704 -0.5378950133949314 -0.7148318429265657 -0.8722588580545247,14916.236267 14916.259517 14916.267925 14916.293421 14916.301457000001 14916.326747000001 14916.334543 14916.360562 14916.368613 14916.393908 14916.402566 14916.42898
156,14918.360735,0.18905400000039663,14918.549789,7330,7333,7336,0.412841572753652,0.5137867330666862 0.5349871779785775 0.47607016319121553 0.5924335456018162 0.2760944987350106 -0.08723020349254657 -0.15542581814865586 -0.4101833217914471 -0.3893685024037819 -0.6928357631267831,14918.360735 14918.374918000001 14918.393396000001 14918.437025000001 14918.438231 14918.470305 14918.471115 14918.504215 14918.504738000001 14918.538026
157,14919.442068,0.16482900000119116,14919.606897000001,7363,7365,7368,0.43856007115052686,0.5370574085800733 0.5754818279858326 0.6993223322082787 0.6961467831014877 0.3916813777571129 0.2342411392283317 -0.09921867770967391 -0.20885594154289397 -0.5050351522410569,14919.442068 14919.461734 14919.475375 14919.495337 14919.509109 14919.529233000001 14919.54303 14919.562878 14919.581381
158,14920.960041,0.17724699999962468,14921.137288,7408,7411,7414,0.6167680468929296,0.5099618133119006 0.6849929609331967 0.8229973327720542 0.9078147536527077 0.7568826027942877 0.46834563223096515 0.14684567745864677 -0.20918620883638916 -0.48255904573602576 -0.7368207161889293 -0.8958580832502616 -0.778951735549791,14920.960041 14920.993352000001 14920.993785 14921.029226 14921.036914 14921.043626 14921.049410000001 14921.061486 14921.072566 14921.095242000001 14921.103882000001 14921.128406
159,14921.395281000001,0.1668969999991532,14921.562178,7421,7423,7426,0.5731054444010266,0.532209102206374 0.6892883794215545 0.821307192802043 0.7771082745645225 0.441031209021941 0.11560915370958925 -0.2158958198300786 -0.5121278689420454 -0.7883019947900384 -0.8381754487220798,14921.395281000001 14921.404623 14921.428433000001 14921.437992000001 14921.461780000001 14921.471516000001 14921.495303 14921.505344000001 14921.528817 14921.5381
160,14924.216079,0.19892500000059954,14924.415004,7506,7509,7512,0.6348392596426882,0.5593511351832636 0.723922065010777 0.9091072501959622 1.0444857235308043 0.7508419760135109 0.4356670922131756 0.10140617594479182 -0.21160843289756331 -0.5537979921276613 -0.8635302945991048 -0.7909312913858066 -0.6734216866098373,14924.216079 14924.238080000001 14924.248165 14924.271286000001 14924.280592000001 14924.30479 14924.315631000001 14924.338136 14924.34725 14924.371471 14924.380524 14924.406741
161,14924.714388,0.1973969999999099,14924.911785,7521,7524,7527,0.5660319793007973,0.5439524904023271 0.7178123405264035 0.8064015255400648 0.5354251136804526 0.4401373287415742 0.15983073560602312 -0.19764266871317474 -0.5220783001472974 -0.8258166680253969 -0.774963654464937 -0.7022909464611183,14924.714388 14924.744727000001 14924.753410000001 14924.778134 14924.781198 14924.814978 14924.815095 14924.844981 14924.847779 14924.877877 14924.881237000001
162,14927.975583000001,0.16743599999972503,14928.143019000001,7619,7621,7624,0.6167421634867104,0.5747698980293364 0.7748604608850922 0.91499687498913 0.7932060078603841 0.5007628741665371 0.14555476644782223 -0.17701245839050994 -0.5427689987772747 -0.8458122251782857 -0.8122263127950867 -0.7021929208343561,14927.975583000001 14927.975963 14928.008946 14928.009201 14928.042113000001 14928.042503 14928.075447000001 14928.075811 14928.110537 14928.110538 14928.142956
163,14930.188757,0.2432600000011007,14930.432017000001,7685,7689,7693,0.6793778174875786,0.5611470141149175 0.7463321993001027 0.8909331779041719 1.0292506528868768 0.8627949248504909 0.5579111880464971 0.25590880029867386 -0.11260971821984447 -0.4587790447018402 -0.7664544109354103 -0.9435470845373384 -0.8655551870263445 -0.7806882245160119,14930.188757 14930.191131000001 14930.222143 14930.225277000001 14930.255103000001 14930.257919 14930.293811000001 14930.293833 14930.321822 14930.324745 14930.356153 14930.358331000001 14930.391739
164,14930.668877,0.13425800000004529,14930.803135,7700,7702,7704,0.5795214157661226,0.6103080959777193 0.745027297789757 0.8333422637089688 0.5223824807969971 0.4823312499262913 0.1536771629742 -0.20247169411294835 -0.5400751395192616 -0.8034494328112717 -0.7267695583684292 -0.7549011974415044,14930.668877 14930.668877 14930.675935000001 14930.676615 14930.702783 14930.702869 14930.736385 14930.736859 14930.769482 14930.769482 14930.802937
165,14933.464086,0.14151099999980943,14933.605597,7784,7786,7788,0.5766702570144305,0.6419204356273416 0.7915649826659497 0.9767501678511348 0.9514971338156897 0.6065100265520478 0.4307105860974941 0.2455254009123089 -0.0885175305446946 -0.45703604906321305,14933.464086 14933.472088 14933.496527000001 14933.505347 14933.529949 14933.539198 14933.564330000001 14933.572769 14933.596899
166,14935.565702,0.26085600000078557,14935.826558,7847,7850,7854,0.6684237574021478,0.6681313779619003 0.8569566298414157 1.0556493533982165 0.8738983339733545 0.707429128664511 0.5309260774541782 0.36370850271648797 0.022087058076502825 -0.31697123390561327 -0.4976577254126843 -0.6682634489173513 -0.8382567567727454 -1.0132983462447742 -0.874566757510955 -0.7385556301815265,14935.565702 14935.565716000001 14935.599062000001 14935.599062000001 14935.633394 14935.633394 14935.666668 14935.666699000001 14935.699980000001 14935.700116 14935.733181000001 14935.733551000001 14935.766839 14935.766839 14935.799428
167,14935.896779,0.16676799999913783,14936.063547,7857,7859,7862,0.6496724965867874,0.6651990944185209 0.8721935307538063 0.9459024074980229 0.5919633506600225 0.23863670947129517 -0.11973821333406709 -0.47501530045095114 -0.8435338189694694 -0.9630120108966004 -0.7815305294151188,14935.896779 14935.900744 14935.931391 14935.945246000001 14935.967311 14935.97831 14935.997084 14936.013827 14936.031014 14936.046499
168,14936.147632,0.20289100000081817,14936.350523000001,7864,7867,7870,0.6152936051652594,0.5575457310380687 0.7026572583043945 0.8896942953414315 0.9414392793936354 0.6108573727897194 0.4501699173651635 0.08642149057457321 -0.26113427305858955 -0.63150464342896 -0.7632640042239803 -0.6574231891160058 -0.8314118073485915,14936.147632 14936.163513000001 14936.181656 14936.197020000001 14936.213449 14936.230543000001 14936.246843 14936.26382 14936.2811 14936.300746 14936.313454000001 14936.343385
169,14937.637658000001,0.18622099999993225,14937.823879000001,7909,7911,7914,0.6180548773470148,0.6201658094370804 0.794278239762341 0.9215376001817205 0.6220997591137116 0.26951825324995693 -0.021750329447310986 -0.3631863093610932 -0.6672884674660249 -0.991236301110044 -0.8545120315846804 -0.6730305501031991,14937.637658000001 14937.656270000001 14937.67167 14937.691541 14937.704440000001 14937.725749000001 14937.745736 14937.757315 14937.778763 14937.790187 14937.8116
170,14938.145218000001,0.19124699999883887,14938.336465,7924,7927,7930,0.6138490130868957,0.6241130135867459 0.8173770895900677 0.7670408525344635 0.7986399880194449 0.4528356499174576 0.10438003275454141 -0.2654676931843261 -0.590871789717077 -0.6554784080950669 -0.9099945726440484 -0.7661400539126132,14938.145218000001 14938.165463000001 14938.178774 14938.199263 14938.211945000001 14938.233251000001 14938.245549000001 14938.265392000001 14938.278747 14938.298946 14938.312191
171,14940.092408,0.16873900000064168,14940.261147000001,7982,7984,7987,0.49025236579495035,0.5551153090265059 0.5631392880722327 0.7019748308040477 0.7297538956006365 0.3912703684388684 0.02275184992035017 -0.28188767717092333 -0.28559138087462727 -0.5998767055541077 -0.771162352487204,14940.092408 14940.119336 14940.125945 14940.152026 14940.158945000001 14940.185314 14940.19561 14940.220509 14940.227025 14940.252319000001
172,14942.495535,0.13621400000010908,14942.631749,8054,8056,8059,0.47264583895450535,0.5311290039867164 0.7231539987662325 0.8763281452241873 0.528807515208851 0.18877767685876712 0.10072220200679592 -0.12332468175287921 -0.4703497560935581 -0.7112195706925604,14942.495535 14942.499041000001 14942.528957 14942.532444 14942.562983 14942.565587000001 14942.596742 14942.598494 14942.631094
173,14943.242803000001,0.14541300000018964,14943.388216000001,8077,8079,8081,0.506312178298676,0.5625579660441653 0.7204556371079064 0.72377727601367 0.5594668568832254 0.190948338364707 -0.1602495026261364 -0.322184411625356 -0.6574779452507821 -0.6596916707721348,14943.242803000001 14943.254607 14943.276057000001 14943.28781 14943.309316 14943.3212 14943.343577000001 14943.360848 14943.376785
174,14944.857421,0.16697100000055798,14945.024392000001,8125,8127,8130,0.5798858196733725,0.5554715019685246 0.7323850084234161 0.7640475660435845 0.7596037531558542 0.3910852346373357 0.05288430116282053 -0.31748606920754985 -0.6691042885125175 -0.7576398726102307 -0.7991506010118914,14944.857421 14944.884886 14944.89083 14944.918031000001 14944.924549000001 14944.951358 14944.958219 14944.984707000001 14944.991831000001 14945.018189
175,14945.80297,0.19115199999941979,14945.994122,8154,8156,8159,0.6274345679315251,0.5458521842956541 0.7102772483119256 0.8983918582951579 0.8123173333980418 0.4582188672489589 0.13807966002711528 -0.2241073237525093 -0.5745496096434416 -0.9354825889622721 -0.8933421086381985 -0.7111614646735014,14945.80297 14945.8297 14945.836966 14945.861331 14945.869735 14945.894334 14945.902450000001 14945.927338000001 14945.936188 14945.960787 14945.969382000001
176,14955.125833,0.13462500000059663,14955.260458,8433,8435,8437,0.38880630747919576,0.5273762625819495 0.5611075810409242 0.5273513520636848 0.3450607579586219 0.028109880451094218 -0.3422604899192759 -0.39037782833881957,14955.125833 14955.159477000001 14955.15953 14955.192589 14955.192589 14955.225412 14955.225739000001
177,14955.353492,0.1854780000012397,14955.538970000001,8440,8443,8446,0.5786636232713804,0.7430593126468962 0.730711313678778 0.8082433799180287 0.4888548629992468 0.12033634448072839 -0.17695224111147081 -0.5445468231746512 -0.5760594309402047 -0.8846419487760335 -0.7132305749877663,14955.353492 14955.354853 14955.377418 14955.37745 14955.41321 14955.423389000001 14955.445377 14955.452683000001 14955.480264 14955.485763
178,14955.734965000001,0.11720299999979034,14955.852168000001,8452,8453,8455,0.5716810371953347,0.5530002133743713 0.7698529820781145 0.7562966792271613 0.7502198983522922 0.38412591841081817 0.05391961914117743 -0.31645075122919275 -0.6620986492144392 -0.6944401865598654 -0.7764054743659143,14955.734965000001 14955.73647 14955.751391 14955.752237 14955.758618 14955.784387 14955.785309 14955.818376000001 14955.818845 14955.851472
179,14958.069491,0.19034800000008545,14958.259839,8522,8524,8527,0.6626125986088074,0.6262507589025949 0.805080148050883 0.9727172339153187 0.7875320487301336 0.42157318439262786 0.06483722375013125 -0.2668956166995902 -0.6154964170901869 -0.8652099959957065 -1.0318184333395861 -0.8313275238301224,14958.069491 14958.092065 14958.102796000001 14958.124887 14958.136352000001 14958.158445000001 14958.169173 14958.191708 14958.202591000001 14958.227982 14958.236256
180,14959.607123,0.13363600000047882,14959.740759,8568,8570,8572,0.4225613230870076,0.5082025492155499 0.6939885050684822 0.8430925704337437 0.5516555758222628 0.2492815812365612 0.2329679495113125 0.07453725839271899 -0.22676459501542953,14959.607123 14959.607231 14959.640417 14959.640575000001 14959.673990000001 14959.674024 14959.707375 14959.707379000001
181,14960.007831,0.10346100000060687,14960.111292000001,8580,8581,8583,0.35142213811984874,0.650345515374432 0.49743203313376616 0.4610208626830892 0.20904853646059982 0.035466069800715046 -0.2552198112664901,14960.007831 14960.007831 14960.041239 14960.041256 14960.07471 14960.07471
182,14961.041935000001,0.26861899999857997,14961.310554,8611,8615,8619,0.45868158205970666,0.5449179207685889 0.7259898114936189 0.8665206035616282 0.7231589900517399 0.5739966887409533 0.45091417899369546 0.2958220875216349 0.14402902483471455 -4.8517473802853967e-17 1.524834890946839e-16 -0.17752946477702652 -0.30189648638167216 -0.48708167156685755 -0.5769913273397244 -0.7350285284617256 -0.7350285284617258,14961.041935000001 14961.042083 14961.078435000001 14961.096071 14961.120673000001 14961.134274 14961.148775000001 14961.166551 14961.1782 14961.201615 14961.210865000001 14961.232914 14961.246145000001 14961.2666 14961.277109 14961.300885
