# timestamps [seconds],pts
767.735790,0
767.869831,8784
767.936852,13176
767.970362,15372
768.037383,19764
768.137914,26353
768.204935,30745
768.238446,32941
768.305466,37333
768.372487,41725
768.439508,46118
768.473018,48314
768.540039,52706
768.607060,57098
768.674081,61490
768.707591,63686
768.774612,68079
768.841633,72471
768.908654,76863
768.975674,81255
769.042695,85648
769.076206,87844
769.143226,92236
769.210247,96628
769.277268,101020
769.344289,105412
769.411310,109805
769.444820,112001
769.511841,116393
769.578862,120785
769.645882,125177
769.712903,129570
769.779924,133962
769.846945,138354
769.913966,142746
769.980986,147138
770.048007,151531
770.115028,155923
770.182049,160315
770.249070,164707
770.316090,169099
770.383111,173492
770.450132,177884
770.517153,182276
770.550663,184472
770.617684,188864
770.684705,193257
770.718215,195453
770.785236,199845
770.852257,204237
770.919278,208629
770.986298,213022
771.053319,217414
771.086830,219610
771.153850,224002
771.220871,228394
771.254382,230590
771.321402,234983
771.388423,239375
771.455444,243767
771.488954,245963
771.555975,250355
771.622996,254748
771.690017,259140
771.723527,261336
771.790548,265728
771.857569,270120
771.924590,274513
771.991610,278905
772.025121,281101
772.092142,285493
772.159162,289885
772.192673,292081
772.259694,296474
772.326714,300866
772.393735,305258
772.460756,309650
772.527777,314042
772.594798,318435
772.661818,322827
772.695329,325023
772.762350,329415
772.829370,333807
772.896391,338199
772.963412,342592
773.030433,346984
773.097454,351376
773.130964,353572
773.197985,357964
773.265006,362357
773.332026,366749
773.399047,371141
773.432558,373337
773.499578,377729
773.566599,382122
773.633620,386514
773.667130,388710
773.734151,393102
773.801172,397494
773.834682,399690
773.901703,404083
773.968724,408475
774.035745,412867
774.102766,417259
774.136276,419455
774.203297,423848
774.270318,428240
774.337338,432632
774.370849,434828
774.437870,439220
774.504890,443612
774.571911,448005
774.638932,452397
774.672442,454593
774.739463,458985
774.806484,463377
774.839994,465574
774.907015,469966
774.974036,474358
775.041057,478750
775.108078,483142
775.175098,487535
775.208609,489731
775.275630,494123
775.342650,498515
775.409671,502907
775.476692,507300
775.543713,511692
775.610734,516084
775.644244,518280
775.711265,522672
775.778286,527064
775.845306,531457
775.912327,535849
775.979348,540241
776.046369,544633
776.079879,546829
776.146900,551222
776.213921,555614
776.280942,560006
776.347962,564398
776.414983,568790
776.448494,570987
776.515514,575379
776.582535,579771
776.649556,584163
776.716577,588555
776.783598,592948
776.850618,597340
776.884129,599536
776.951150,603928
777.018170,608320
777.051681,610516
777.118702,614909
777.185722,619301
777.252743,623693
777.319764,628085
777.386785,632477
777.420295,634674
777.487316,639066
777.554337,643458
777.621358,647850
777.688378,652242
777.755399,656635
777.822420,661027
777.855930,663223
777.922951,667615
777.956462,669811
778.023482,674203
778.090503,678596
778.157524,682988
778.224545,687380
778.258055,689576
778.325076,693968
778.392097,698361
778.459118,702753
778.526138,707145
778.593159,711537
778.660180,715929
778.727201,720322
778.827732,726910
778.894753,731302
778.961774,735694
778.995284,737890
779.062305,742283
779.129326,746675
779.162836,748871
779.229857,753263
779.296878,757655
779.363898,762048
779.430919,766440
779.464430,768636
779.531450,773028
779.598471,777420
779.665492,781813
779.732513,786205
779.799534,790597
779.866554,794989
779.933575,799381
779.967086,801577
780.034106,805970
780.101127,810362
780.168148,814754
780.235169,819146
780.302190,823539
780.369210,827931
780.436231,832323
780.503252,836715
780.570273,841107
780.603783,843303
780.670804,847696
780.737825,852088
780.804846,856480
780.871866,860872
780.938887,865264
780.972398,867461
781.039418,871853
781.106439,876245
781.173460,880637
781.240481,885029
781.307502,889422
781.341012,891618
781.408033,896010
781.475054,900402
781.542074,904794
781.609095,909187
781.676116,913579
781.743137,917971
781.810158,922363
781.877178,926755
781.944199,931148
782.011220,935540
782.044730,937736
782.111751,942128
782.178772,946520
782.245793,950913
782.312814,955305
782.379834,959697
782.446855,964089
782.513876,968481
782.580897,972874
782.647918,977266
782.714938,981658
782.781959,986050
782.848980,990442
782.949511,997031
783.016532,1001423
783.083553,1005815
783.150574,1010207
783.184084,1012403
783.251105,1016796
783.318126,1021188
783.385146,1025580
783.452167,1029972
783.519188,1034364
783.552698,1036561
783.619719,1040953
783.686740,1045345
783.753761,1049737
783.820782,1054129
783.887802,1058522
783.954823,1062914
784.021844,1067306
784.055354,1069502
784.122375,1073894
784.189396,1078287
784.256417,1082679
784.323438,1087071
784.390458,1091463
784.457479,1095855
784.524500,1100248
784.591521,1104640
784.658542,1109032
784.725562,1113424
784.792583,1117816
784.859604,1122209
784.926625,1126601
784.960135,1128797
785.027156,1133189
785.127687,1139777
785.194708,1144170
785.261729,1148562
785.328750,1152954
785.395770,1157346
785.462791,1161739
785.529812,1166131
785.596833,1170523
785.630343,1172719
785.697364,1177111
785.764385,1181503
785.831406,1185896
785.898426,1190288
785.965447,1194680
786.032468,1199072
786.099489,1203465
786.132999,1205661
786.200020,1210053
786.267041,1214445
786.334062,1218837
786.401082,1223229
786.468103,1227622
786.501614,1229818
786.568634,1234210
786.635655,1238602
786.702676,1242994
786.769697,1247387
786.836718,1251779
786.903738,1256171
786.970759,1260563
787.004270,1262759
787.071290,1267151
787.138311,1271544
787.205332,1275936
787.272353,1280328
787.339374,1284720
787.406394,1289113
787.473415,1293505
787.540436,1297897
787.607457,1302289
787.674478,1306681
787.707988,1308877
787.775009,1313270
787.842030,1317662
787.909050,1322054
787.976071,1326446
788.009582,1328642
788.076602,1333035
788.143623,1337427
788.210644,1341819
788.277665,1346211
788.344686,1350603
788.411706,1354996
788.478727,1359388
788.545748,1363780
788.612769,1368172
788.679790,1372565
788.713300,1374761
788.780321,1379153
788.847342,1383545
788.914362,1387937
788.981383,1392329
789.048404,1396722
789.115425,1401114
789.148935,1403310
789.215956,1407702
789.282977,1412094
789.349998,1416487
789.417018,1420879
789.484039,1425271
789.551060,1429663
789.584570,1431859
789.651591,1436252
789.718612,1440644
789.785633,1445036
789.852654,1449428
789.919674,1453820
789.986695,1458213
790.053716,1462605
790.087226,1464801
790.154247,1469193
790.221268,1473585
790.288289,1477978
790.355310,1482370
790.422330,1486762
790.489351,1491154
790.556372,1495546
790.623393,1499939
790.656903,1502135
790.723924,1506527
790.790945,1510919
790.857966,1515311
790.891476,1517507
790.958497,1521900
791.025518,1526292
791.092538,1530684
791.159559,1535076
791.193070,1537272
791.260090,1541665
791.327111,1546057
791.394132,1550449
791.461153,1554841
791.494663,1557037
791.561684,1561429
791.662215,1568018
791.729236,1572410
791.762746,1574606
791.863278,1581194
791.930298,1585587
791.997319,1589979
792.064340,1594371
792.131361,1598763
792.164871,1600959
792.231892,1605352
792.298913,1609744
792.399444,1616332
792.466465,1620724
792.533486,1625117
792.566996,1627313
792.634017,1631705
792.701038,1636097
792.768058,1640489
792.835079,1644881
792.902100,1649274
792.969121,1653666
793.002631,1655862
793.069652,1660254
793.136673,1664646
793.203694,1669039
793.270714,1673431
793.337735,1677823
793.404756,1682215
793.471777,1686607
793.538798,1691000
793.572308,1693196
793.639329,1697588
793.706350,1701980
793.773370,1706372
793.840391,1710765
793.907412,1715157
793.974433,1719549
794.041454,1723941
794.108474,1728333
794.175495,1732726
794.242516,1737118
794.309537,1741510
794.376558,1745902
794.443578,1750294
794.477089,1752491
794.544110,1756883
794.611130,1761275
794.678151,1765667
794.745172,1770059
794.778682,1772255
794.845703,1776648
794.912724,1781040
794.979745,1785432
795.046766,1789824
795.113786,1794216
795.147297,1796413
795.214318,1800805
795.281338,1805197
795.348359,1809589
795.415380,1813981
795.482401,1818374
795.549422,1822766
795.616442,1827158
795.716974,1833746
795.783994,1838139
795.851015,1842531
795.918036,1846923
795.985057,1851315
796.152609,1862296
796.219630,1866688
796.286650,1871080
796.320161,1873276
796.387182,1877668
796.454202,1882061
796.521223,1886453
796.588244,1890845
796.655265,1895237
796.688775,1897433
796.755796,1901826
796.822817,1906218
796.889838,1910610
796.956858,1915002
796.990369,1917198
797.057390,1921591
797.124410,1925983
797.191431,1930375
797.224942,1932571
797.291962,1936963
797.358983,1941355
797.426004,1945748
797.459514,1947944
797.526535,1952336
797.593556,1956728
797.660577,1961120
797.727598,1965513
797.794618,1969905
797.861639,1974297
797.928660,1978689
797.995681,1983081
798.062702,1987474
798.096212,1989670
798.163233,1994062
798.230254,1998454
798.297274,2002846
798.330785,2005042
798.397806,2009435
798.464826,2013827
798.531847,2018219
798.598868,2022611
798.632378,2024807
798.699399,2029200
798.766420,2033592
798.833441,2037984
798.900462,2042376
798.967482,2046768
799.000993,2048965
799.068014,2053357
799.135034,2057749
799.202055,2062141
799.269076,2066533
799.336097,2070926
799.403118,2075318
799.470138,2079710
799.537159,2084102
799.570670,2086298
799.637690,2090691
799.704711,2095083
799.771732,2099475
799.838753,2103867
799.872263,2106063
799.939284,2110455
800.006305,2114848
800.073326,2119240
800.106836,2121436
800.173857,2125828
800.240878,2130220
800.307898,2134613
800.374919,2139005
800.441940,2143397
800.508961,2147789
800.575982,2152181
800.643002,2156574
800.676513,2158770
800.743534,2163162
800.810554,2167554
800.877575,2171946
800.944596,2176339
801.011617,2180731
801.045127,2182927
801.112148,2187319
801.179169,2191711
801.246190,2196104
801.313210,2200496
801.380231,2204888
801.413742,2207084
801.480762,2211476
801.547783,2215868
801.614804,2220261
801.681825,2224653
801.748846,2229045
801.815866,2233437
801.849377,2235633
801.916398,2240026
801.983418,2244418
802.050439,2248810
802.117460,2253202
802.184481,2257594
802.217991,2259791
802.285012,2264183
802.352033,2268575
802.419054,2272967
802.486074,2277359
802.553095,2281752
802.620116,2286144
802.687137,2290536
802.754158,2294928
802.821178,2299320
802.888199,2303713
802.955220,2308105
803.022241,2312497
803.089262,2316889
803.156282,2321281
803.223303,2325674
803.256814,2327870
803.323834,2332262
803.390855,2336654
803.457876,2341046
803.524897,2345439
803.591918,2349831
803.625428,2352027
803.692449,2356419
803.759470,2360811
803.826490,2365204
803.893511,2369596
803.960532,2373988
804.027553,2378380
804.094574,2382772
804.128084,2384968
804.195105,2389361
804.262126,2393753
804.329146,2398145
804.396167,2402537
804.463188,2406930
804.530209,2411322
804.597230,2415714
804.664250,2420106
804.697761,2422302
804.764782,2426694
804.831802,2431087
804.898823,2435479
804.932334,2437675
804.999354,2442067
805.066375,2446459
805.133396,2450852
805.200417,2455244
805.267438,2459636
805.300948,2461832
805.367969,2466224
805.434990,2470617
805.502010,2475009
805.569031,2479401
805.636052,2483793
805.703073,2488185
805.770094,2492578
805.803604,2494774
805.870625,2499166
805.937646,2503558
806.004666,2507950
806.071687,2512343
806.138708,2516735
806.172218,2518931
806.239239,2523323
806.306260,2527715
806.373281,2532107
806.440302,2536500
806.507322,2540892
806.540833,2543088
806.607854,2547480
806.674874,2551872
806.741895,2556265
806.775406,2558461
806.842426,2562853
806.909447,2567245
806.976468,2571637
807.043489,2576030
807.110510,2580422
807.177530,2584814
807.211041,2587010
807.278062,2591402
807.345082,2595794
807.412103,2600187
807.479124,2604579
807.546145,2608971
807.579655,2611167
807.646676,2615559
807.713697,2619952
807.780718,2624344
807.814228,2626540
807.881249,2630932
807.948270,2635324
807.981780,2637520
808.048801,2641913
808.115822,2646305
808.182842,2650697
808.249863,2655089
808.316884,2659481
808.350394,2661678
808.417415,2666070
808.484436,2670462
808.551457,2674854
808.618478,2679246
808.685498,2683639
808.752519,2688031
808.819540,2692423
808.886561,2696815
808.953582,2701207
809.020602,2705600
809.087623,2709992
809.121134,2712188
809.188154,2716580
809.255175,2720972
809.322196,2725365
809.389217,2729757
809.456238,2734149
809.523258,2738541
809.556769,2740737
809.623790,2745130
809.690810,2749522
809.791342,2756110
809.824852,2758306
809.891873,2762698
809.958894,2767091
810.025914,2771483
810.092935,2775875
810.159956,2780267
810.226977,2784659
810.293998,2789052
810.327508,2791248
810.394529,2795640
810.461550,2800032
810.528570,2804424
810.595591,2808817
810.662612,2813209
810.696122,2815405
810.763143,2819797
810.830164,2824189
810.897185,2828582
810.964206,2832974
811.031226,2837366
811.064737,2839562
811.131758,2843954
811.198778,2848346
811.265799,2852739
811.332820,2857131
811.399841,2861523
811.466862,2865915
811.533882,2870307
811.600903,2874700
811.667924,2879092
811.734945,2883484
811.801966,2887876
811.835476,2890072
811.902497,2894465
811.969518,2898857
812.036538,2903249
812.103559,2907641
812.170580,2912033
812.204090,2914230
812.271111,2918622
812.338132,2923014
812.405153,2927406
812.472174,2931798
812.539194,2936191
812.606215,2940583
812.639726,2942779
812.706746,2947171
812.773767,2951563
812.840788,2955956
812.907809,2960348
812.974830,2964740
813.041850,2969132
813.075361,2971328
813.142382,2975721
813.209402,2980113
813.276423,2984505
813.343444,2988897
813.410465,2993289
813.477486,2997682
813.544506,3002074
813.611527,3006466
813.678548,3010858
813.712058,3013054
813.779079,3017446
813.846100,3021839
813.913121,3026231
813.980142,3030623
814.047162,3035015
814.114183,3039407
814.181204,3043800
814.248225,3048192
814.281735,3050388
814.348756,3054780
814.415777,3059172
814.482798,3063565
814.549818,3067957
814.616839,3072349
814.683860,3076741
814.750881,3081133
814.817902,3085526
814.851412,3087722
814.918433,3092114
814.985454,3096506
815.052474,3100898
815.119495,3105291
815.186516,3109683
815.220026,3111879
815.287047,3116271
815.354068,3120663
815.421089,3125056
815.488110,3129448
815.555130,3133840
815.622151,3138232
815.689172,3142624
815.756193,3147017
815.823214,3151409
815.890234,3155801
815.957255,3160193
815.990766,3162389
816.057786,3166782
816.124807,3171174
816.191828,3175566
816.258849,3179958
816.292359,3182154
816.359380,3186546
816.426401,3190939
816.493422,3195331
816.560442,3199723
816.593953,3201919
816.660974,3206311
816.727994,3210704
816.795015,3215096
816.862036,3219488
816.929057,3223880
816.996078,3228272
817.063098,3232665
817.130119,3237057
817.163630,3239253
817.230650,3243645
817.297671,3248037
817.364692,3252430
817.431713,3256822
817.498734,3261214
817.565754,3265606
817.632775,3269998
817.666286,3272195
817.733306,3276587
817.800327,3280979
817.867348,3285371
817.934369,3289763
818.001390,3294156
818.068410,3298548
818.135431,3302940
818.202452,3307332
818.269473,3311724
818.336494,3316117
818.403514,3320509
818.470535,3324901
818.537556,3329293
818.571066,3331489
818.638087,3335882
818.705108,3340274
818.772129,3344666
818.839150,3349058
818.906170,3353450
818.939681,3355646
819.006702,3360039
819.073722,3364431
819.140743,3368823
819.207764,3373215
819.241274,3375411
819.308295,3379804
819.375316,3384196
819.442337,3388588
819.509358,3392980
819.576378,3397372
819.643399,3401765
819.676910,3403961
819.743930,3408353
819.810951,3412745
819.877972,3417137
819.944993,3421530
820.012014,3425922
820.079034,3430314
820.146055,3434706
820.179566,3436902
820.246586,3441295
820.313607,3445687
820.380628,3450079
820.414138,3452275
820.481159,3456667
820.548180,3461059
820.615201,3465452
820.682222,3469844
820.749242,3474236
820.816263,3478628
820.883284,3483021
820.950305,3487413
821.017326,3491805
821.050836,3494001
821.117857,3498393
821.184878,3502785
821.251898,3507178
821.318919,3511570
821.352430,3513766
821.419450,3518158
821.486471,3522550
821.553492,3526943
821.620513,3531335
821.687534,3535727
821.754554,3540119
821.788065,3542315
821.855086,3546708
821.922106,3551100
821.989127,3555492
822.056148,3559884
822.123169,3564276
822.190190,3568669
822.223700,3570865
822.290721,3575257
822.357742,3579649
822.424762,3584041
822.491783,3588434
822.558804,3592826
822.625825,3597218
822.692846,3601610
822.759866,3606002
822.826887,3610395
822.893908,3614787
822.927418,3616983
822.994439,3621375
823.061460,3625767
823.128481,3630160
823.195502,3634552
823.262522,3638944
823.296033,3641140
823.363054,3645532
823.430074,3649924
823.497095,3654317
823.564116,3658709
823.631137,3663101
823.664647,3665297
823.731668,3669689
823.798689,3674082
823.865710,3678474
823.932730,3682866
823.999751,3687258
824.066772,3691650
824.100282,3693846
824.167303,3698239
824.234324,3702631
824.301345,3707023
824.368366,3711415
824.435386,3715808
824.502407,3720200
824.569428,3724592
824.636449,3728984
824.669959,3731180
824.736980,3735572
824.804001,3739965
824.871022,3744357
824.938042,3748749
825.005063,3753141
825.072084,3757534
825.139105,3761926
825.206126,3766318
825.273146,3770710
825.306657,3772906
825.373678,3777298
825.440698,3781691
825.507719,3786083
825.574740,3790475
825.641761,3794867
825.708782,3799260
825.775802,3803652
825.842823,3808044
825.909844,3812436
825.943354,3814632
826.010375,3819024
826.077396,3823417
826.110906,3825613
826.177927,3830005
826.244948,3834397
826.311969,3838789
826.378990,3843182
826.446010,3847574
826.513031,3851966
826.580052,3856358
826.613562,3858554
826.680583,3862947
826.747604,3867339
826.814625,3871731
826.881646,3876123
826.948666,3880515
827.015687,3884908
827.082708,3889300
827.116218,3891496
827.183239,3895888
827.250260,3900280
827.317281,3904673
827.384302,3909065
827.451322,3913457
827.484833,3915653
827.551854,3920045
827.618874,3924437
827.685895,3928830
827.752916,3933222
827.819937,3937614
827.886958,3942006
827.953978,3946398
828.020999,3950791
828.088020,3955183
828.121530,3957379
828.188551,3961771
828.255572,3966163
828.322593,3970556
828.389614,3974948
828.423124,3977144
828.490145,3981536
828.557166,3985928
828.624186,3990321
828.691207,3994713
828.758228,3999105
828.791738,4001301
828.858759,4005693
828.925780,4010085
828.992801,4014478
829.059822,4018870
829.126842,4023262
829.193863,4027654
829.260884,4032047
829.294394,4034243
829.361415,4038635
829.428436,4043027
829.495457,4047419
829.562478,4051811
829.629498,4056204
829.663009,4058400
829.763540,4064988
829.830561,4069380
829.864071,4071576
829.931092,4075969
829.998113,4080361
830.065134,4084753
830.132154,4089145
830.199175,4093537
830.266196,4097930
830.299706,4100126
830.366727,4104518
830.433748,4108910
830.500769,4113302
830.567790,4117695
830.634810,4122087
830.701831,4126479
830.768852,4130871
830.835873,4135263
830.902894,4139656
830.969914,4144048
831.036935,4148440
831.070446,4150636
831.137466,4155028
831.204487,4159421
831.237998,4161617
831.305018,4166009
831.372039,4170401
831.439060,4174793
831.506081,4179186
831.573102,4183578
831.606612,4185774
831.673633,4190166
831.740654,4194558
831.807674,4198950
831.874695,4203343
831.941716,4207735
831.975226,4209931
832.042247,4214323
832.109268,4218715
832.176289,4223108
832.243310,4227500
832.276820,4229696
832.343841,4234088
832.410862,4238480
832.477882,4242872
832.544903,4247265
832.578414,4249461
832.645434,4253853
832.712455,4258245
832.779476,4262637
832.846497,4267030
832.913518,4271422
832.980538,4275814
833.047559,4280206
833.081070,4282402
833.148090,4286795
833.215111,4291187
833.282132,4295579
833.349153,4299971
833.416174,4304363
833.483194,4308756
833.550215,4313148
833.617236,4317540
833.650746,4319736
833.717767,4324128
833.784788,4328521
833.851809,4332913
833.885319,4335109
833.952340,4339501
834.019361,4343893
834.086382,4348286
834.153402,4352678
834.186913,4354874
834.253934,4359266
834.320954,4363658
834.387975,4368050
834.454996,4372443
834.522017,4376835
834.589038,4381227
834.622548,4383423
834.689569,4387815
834.756590,4392208
834.823610,4396600
834.890631,4400992
834.957652,4405384
835.058183,4411973
835.125204,4416365
835.158714,4418561
835.259246,4425149
835.326266,4429541
835.393287,4433934
835.460308,4438326
835.527329,4442718
835.594350,4447110
835.661370,4451502
835.728391,4455895
835.761902,4458091
835.828922,4462483
835.895943,4466875
835.962964,4471267
836.029985,4475660
836.097006,4480052
836.130516,4482248
836.197537,4486640
836.264558,4491032
836.331578,4495424
836.398599,4499817
836.465620,4504209
836.532641,4508601
836.599662,4512993
836.666682,4517386
836.733703,4521778
836.767214,4523974
836.834234,4528366
836.901255,4532758
836.968276,4537150
837.035297,4541543
837.102318,4545935
837.169338,4550327
837.202849,4552523
837.269870,4556915
837.336890,4561308
837.403911,4565700
837.437422,4567896
837.504442,4572288
837.571463,4576680
837.638484,4581073
837.705505,4585465
837.772526,4589857
837.839546,4594249
837.906567,4598641
837.973588,4603034
838.007098,4605230
838.074119,4609622
838.141140,4614014
838.208161,4618406
838.275182,4622799
838.342202,4627191
838.409223,4631583
838.442734,4633779
838.509754,4638171
838.576775,4642563
838.643796,4646956
838.710817,4651348
838.777838,4655740
838.811348,4657936
838.878369,4662328
838.945390,4666721
839.012410,4671113
839.079431,4675505
839.146452,4679897
839.213473,4684289
839.246983,4686486
839.314004,4690878
839.381025,4695270
839.448046,4699662
839.515066,4704054
839.548577,4706250
839.615598,4710643
839.682618,4715035
839.749639,4719427
839.816660,4723819
839.883681,4728212
839.917191,4730408
839.984212,4734800
840.051233,4739192
840.118254,4743584
840.151764,4745780
840.218785,4750173
840.285806,4754565
840.352826,4758957
840.419847,4763349
840.486868,4767741
840.553889,4772134
840.620910,4776526
840.654420,4778722
840.721441,4783114
840.788462,4787506
840.855482,4791899
840.922503,4796291
840.989524,4800683
841.056545,4805075
841.090055,4807271
841.157076,4811663
841.224097,4816056
841.291118,4820448
841.358138,4824840
841.425159,4829232
841.458670,4831428
841.525690,4835821
841.592711,4840213
841.659732,4844605
841.726753,4848997
841.793774,4853389
841.827284,4855586
841.894305,4859978
841.961326,4864370
842.028346,4868762
842.095367,4873154
842.162388,4877547
842.229409,4881939
842.296430,4886331
842.363450,4890723
842.430471,4895115
842.463982,4897312
842.531002,4901704
842.598023,4906096
842.665044,4910488
842.698554,4912684
842.765575,4917076
842.832596,4921469
842.899617,4925861
842.966638,4930253
843.033658,4934645
843.067169,4936841
843.134190,4941234
843.201210,4945626
843.268231,4950018
843.335252,4954410
843.402273,4958802
843.469294,4963195
843.502804,4965391
843.569825,4969783
843.636846,4974175
843.670356,4976371
843.737377,4980764
843.804398,4985156
843.871418,4989548
843.938439,4993940
844.005460,4998332
844.038970,5000528
844.105991,5004921
844.173012,5009313
844.240033,5013705
844.307054,5018097
844.374074,5022489
844.441095,5026882
844.474606,5029078
844.541626,5033470
844.608647,5037862
844.675668,5042254
844.742689,5046647
844.809710,5051039
844.876730,5055431
844.943751,5059823
845.010772,5064215
845.044282,5066412
845.111303,5070804
845.178324,5075196
845.245345,5079588
845.312366,5083980
845.379386,5088373
845.446407,5092765
845.479918,5094961
845.546938,5099353
845.613959,5103745
845.680980,5108138
845.748001,5112530
845.815022,5116922
845.882042,5121314
845.949063,5125706
845.982574,5127902
846.049594,5132295
846.116615,5136687
846.183636,5141079
846.250657,5145471
846.317678,5149864
846.351188,5152060
846.418209,5156452
846.485230,5160844
846.552250,5165236
846.619271,5169628
846.686292,5174021
846.753313,5178413
846.820334,5182805
846.887354,5187197
846.920865,5189393
846.987886,5193786
847.054906,5198178
847.121927,5202570
847.188948,5206962
847.255969,5211354
847.322990,5215747
847.390010,5220139
847.457031,5224531
847.490542,5226727
847.557562,5231119
847.624583,5235512
847.691604,5239904
847.725114,5242100
847.792135,5246492
847.859156,5250884
847.926177,5255277
847.993198,5259669
848.060218,5264061
848.127239,5268453
848.194260,5272845
848.227770,5275041
848.294791,5279434
848.361812,5283826
848.428833,5288218
848.495854,5292610
848.562874,5297002
848.629895,5301395
848.663406,5303591
848.730426,5307983
848.797447,5312375
848.864468,5316767
848.931489,5321160
848.964999,5323356
849.032020,5327748
849.099041,5332140
849.166062,5336532
849.233082,5340925
849.266593,5343121
849.367124,5349709
849.400634,5351905
849.467655,5356297
849.534676,5360689
849.601697,5365082
849.668718,5369474
849.735738,5373866
849.802759,5378258
849.869780,5382651
849.903290,5384847
849.970311,5389239
850.037332,5393631
850.104353,5398023
850.171374,5402415
850.238394,5406808
850.271905,5409004
850.338926,5413396
850.405946,5417788
850.472967,5422180
850.539988,5426573
850.573498,5428769
850.640519,5433161
850.707540,5437553
850.774561,5441945
850.841582,5446338
850.875092,5448534
850.942113,5452926
851.009134,5457318
851.076154,5461710
851.143175,5466102
851.176686,5468299
851.243706,5472691
851.310727,5477083
851.377748,5481475
851.411258,5483671
851.478279,5488064
851.545300,5492456
851.612321,5496848
851.679342,5501240
851.746362,5505632
851.779873,5507828
851.846894,5512221
851.913914,5516613
851.980935,5521005
852.047956,5525397
852.114977,5529790
852.181998,5534182
852.249018,5538574
852.316039,5542966
852.383060,5547358
852.416570,5549554
852.483591,5553947
852.550612,5558339
852.617633,5562731
852.718164,5569319
852.785185,5573712
852.818695,5575908
852.885716,5580300
852.952737,5584692
853.019758,5589084
853.086778,5593476
853.153799,5597869
853.187310,5600065
853.254330,5604457
853.321351,5608849
853.388372,5613241
853.421882,5615438
853.488903,5619830
853.555924,5624222
853.622945,5628614
853.656455,5630810
853.723476,5635203
853.790497,5639595
853.857518,5643987
853.891028,5646183
853.958049,5650575
854.025070,5654967
854.092090,5659360
854.159111,5663752
854.192622,5665948
854.259642,5670340
854.293153,5672536
854.360174,5676929
854.427194,5681321
854.494215,5685713
854.527726,5687909
854.594746,5692301
854.661767,5696693
854.728788,5701086
854.795809,5705478
854.862830,5709870
854.896340,5712066
854.963361,5716458
855.030382,5720851
855.097402,5725243
855.164423,5729635
855.231444,5734027
855.298465,5738419
855.331975,5740615
855.398996,5745008
855.466017,5749400
855.533038,5753792
855.600058,5758184
855.633569,5760380
855.700590,5764773
855.767610,5769165
855.834631,5773557
855.868142,5775753
855.935162,5780145
856.002183,5784538
856.035694,5786734
856.102714,5791126
856.169735,5795518
856.203246,5797714
856.270266,5802106
856.337287,5806499
856.404308,5810891
856.437818,5813087
856.504839,5817479
856.571860,5821871
856.605370,5824067
856.672391,5828460
856.739412,5832852
856.806433,5837244
856.839943,5839440
856.906964,5843832
856.940474,5846028
857.007495,5850421
857.074516,5854813
857.141537,5859205
857.175047,5861401
857.242068,5865793
857.309089,5870186
857.342599,5872382
857.409620,5876774
857.476641,5881166
857.543662,5885558
857.610682,5889951
857.644193,5892147
857.711214,5896539
857.778234,5900931
857.811745,5903127
857.878766,5907519
857.945786,5911912
857.979297,5914108
858.046318,5918500
858.113338,5922892
858.180359,5927284
858.213870,5929480
858.280890,5933873
858.314401,5936069
858.381422,5940461
858.448442,5944853
858.515463,5949245
858.582484,5953638
858.615994,5955834
858.683015,5960226
858.750036,5964618
858.817057,5969010
858.884078,5973403
858.951098,5977795
858.984609,5979991
859.051630,5984383
859.118650,5988775
859.185671,5993167
859.252692,5997560
859.319713,6001952
859.353223,6004148
859.420244,6008540
859.487265,6012932
859.554286,6017325
859.654817,6023913
859.721838,6028305
859.788858,6032697
859.855879,6037090
859.922900,6041482
859.956410,6043678
860.023431,6048070
860.090452,6052462
860.157473,6056854
860.224494,6061247
860.258004,6063443
860.325025,6067835
860.392046,6072227
860.459066,6076619
860.526087,6081012
860.559598,6083208
860.626618,6087600
860.693639,6091992
860.727150,6094188
860.794170,6098580
860.861191,6102973
860.928212,6107365
860.995233,6111757
861.062254,6116149
861.095764,6118345
861.162785,6122738
861.229806,6127130
861.296826,6131522
861.363847,6135914
861.397358,6138110
861.464378,6142503
861.531399,6146895
861.598420,6151287
861.631930,6153483
861.698951,6157875
861.765972,6162267
861.799482,6164464
861.866503,6168856
861.933524,6173248
861.967034,6175444
862.034055,6179836
862.101076,6184229
862.168097,6188621
862.201607,6190817
862.268628,6195209
862.335649,6199601
862.402670,6203993
862.436180,6206190
862.503201,6210582
862.570222,6214974
862.637242,6219366
862.704263,6223758
862.771284,6228151
862.838305,6232543
862.871815,6234739
862.938836,6239131
863.005857,6243523
863.072878,6247916
863.139898,6252308
863.173409,6254504
863.240430,6258896
863.307450,6263288
863.374471,6267680
863.441492,6272073
863.508513,6276465
863.575534,6280857
863.609044,6283053
863.676065,6287445
863.743086,6291838
863.810106,6296230
863.877127,6300622
863.910638,6302818
863.977658,6307210
864.044679,6311603
864.111700,6315995
864.178721,6320387
864.245742,6324779
864.312762,6329171
864.379783,6333564
864.413294,6335760
864.480314,6340152
864.547335,6344544
864.580846,6346740
864.647866,6351132
864.714887,6355525
864.781908,6359917
864.848929,6364309
864.915950,6368701
864.982970,6373093
865.016481,6375290
865.083502,6379682
865.150522,6384074
865.217543,6388466
865.284564,6392858
865.351585,6397251
865.418606,6401643
865.485626,6406035
865.519137,6408231
865.586158,6412623
865.653178,6417016
865.720199,6421408
865.753710,6423604
865.820730,6427996
865.887751,6432388
865.954772,6436780
865.988282,6438977
866.055303,6443369
866.122324,6447761
866.155834,6449957
866.222855,6454349
866.289876,6458742
866.323386,6460938
866.390407,6465330
866.457428,6469722
866.490938,6471918
866.557959,6476310
866.624980,6480703
866.692001,6485095
866.759022,6489487
866.792532,6491683
866.859553,6496075
866.926574,6500468
866.993594,6504860
867.027105,6507056
867.094126,6511448
867.161146,6515840
867.194657,6518036
867.261678,6522429
867.328698,6526821
867.395719,6531213
867.462740,6535605
867.529761,6539997
867.630292,6546586
867.697313,6550978
867.764334,6555370
867.831354,6559762
867.898375,6564155
867.965396,6568547
868.032417,6572939
868.099438,6577331
868.166458,6581723
868.233479,6586116
868.300500,6590508
868.367521,6594900
868.434542,6599292
868.501562,6603684
868.568583,6608077
868.635604,6612469
868.702625,6616861
